Protocollo;Gruppo;DataOraIncidente;Localizzazione1;STRADA1;Localizzazione2;STRADA2;Strada02;Chilometrica;DaSpecificare;NaturaIncidente;particolaritastrade;TipoStrada;FondoStradale;Pavimentazione;Segnaletica;CondizioneAtmosferica;Traffico;Visibilita;Illuminazione;NUM_FERITI;NUM_RISERVATA;NUM_MORTI;NUM_ILLESI;Longitudine;Latitudine;Confermato;Progressivo;TipoVeicolo;StatoVeicolo;TipoPersona;Sesso;Tipolesione;Deceduto;DecedutoDopo;CinturaCascoUtilizzato;Airbag
2486181;12;04/09/2015 14:45;Strada Urbana;VIA BRUNO BRANDELLERO;da specificare;;;;altezza sottovia Colombo;Scontro frontale/laterale DX fra veicoli in marcia;Pendenza;Una carreggiata a doppio senso;Bagnato (pioggia);Asfaltata;Verticale ed orizzontale;Pioggia in atto;Normale;Buona;Ore Diurne;2;0;0;1;12.45052;41.80565;-1;2;Autovettura privata;In marcia / fermata / arresto;Conducente;F;Illeso;0;;Utilizzato;Esploso
2486189;17;05/09/2015 07:20;Strada Urbana;CIRCONVALLAZIONE CLODIA;in prossimità;;del civico n.;179;;Veicolo in marcia contro veicolo in sosta;Rettilineo;Due carreggiate;Bagnato (pioggia);Asfaltata;Verticale ed orizzontale;Nuvoloso;Scarso;Sufficiente;Ore Diurne;1;0;0;1;12.45791;41.92238;-1;1;Autovettura privata;In marcia / fermata / arresto;Conducente;M;Illeso;0;;Non accertato;
2486189;17;05/09/2015 07:20;Strada Urbana;CIRCONVALLAZIONE CLODIA;in prossimità;;del civico n.;179;;Veicolo in marcia contro veicolo in sosta;Rettilineo;Due carreggiate;Bagnato (pioggia);Asfaltata;Verticale ed orizzontale;Nuvoloso;Scarso;Sufficiente;Ore Diurne;1;0;0;1;12.45791;41.92238;-1;1;Autovettura privata;In marcia / fermata / arresto;Passeggero;F;Rimandato;0;NON DECEDUTO;Non accertato;
2486211;10;07/09/2015 11:30;Strada Urbana;VIA DI TORRE SPACCATA;all'intersezione semaforizzata con;VIALE BRUNO PELIZZI;VIALE BRUNO PELIZZI;;;Tamponamento Multiplo;Intersezione semaforizzata;Una carreggiata a doppio senso;Asciutto;Asfaltata;Verticale ed orizzontale;Sereno;Normale;Buona;Ore Diurne;1;0;0;6;12.58431;41.85553;-1;1;Autovettura privata;In marcia / fermata / arresto;Conducente;F;Illeso;0;;Non accertato;Inesploso
2486211;10;07/09/2015 11:30;Strada Urbana;VIA DI TORRE SPACCATA;all'intersezione semaforizzata con;VIALE BRUNO PELIZZI;VIALE BRUNO PELIZZI;;;Tamponamento Multiplo;Intersezione semaforizzata;Una carreggiata a doppio senso;Asciutto;Asfaltata;Verticale ed orizzontale;Sereno;Normale;Buona;Ore Diurne;1;0;0;6;12.58431;41.85553;-1;2;Autovettura privata;In marcia / fermata / arresto;Conducente;M;Illeso;0;;Non accertato;Inesploso
2486211;10;07/09/2015 11:30;Strada Urbana;VIA DI TORRE SPACCATA;all'intersezione semaforizzata con;VIALE BRUNO PELIZZI;VIALE BRUNO PELIZZI;;;Tamponamento Multiplo;Intersezione semaforizzata;Una carreggiata a doppio senso;Asciutto;Asfaltata;Verticale ed orizzontale;Sereno;Normale;Buona;Ore Diurne;1;0;0;6;12.58431;41.85553;-1;3;Autovettura privata;In marcia / fermata / arresto;Conducente;F;Rimandato;0;NON DECEDUTO;Non accertato;Inesploso
2486211;10;07/09/2015 11:30;Strada Urbana;VIA DI TORRE SPACCATA;all'intersezione semaforizzata con;VIALE BRUNO PELIZZI;VIALE BRUNO PELIZZI;;;Tamponamento Multiplo;Intersezione semaforizzata;Una carreggiata a doppio senso;Asciutto;Asfaltata;Verticale ed orizzontale;Sereno;Normale;Buona;Ore Diurne;1;0;0;6;12.58431;41.85553;-1;3;Autovettura privata;In marcia / fermata / arresto;Passeggero;F;Illeso;0;;Non accertato;Inesistente
2486211;10;07/09/2015 11:30;Strada Urbana;VIA DI TORRE SPACCATA;all'intersezione semaforizzata con;VIALE BRUNO PELIZZI;VIALE BRUNO PELIZZI;;;Tamponamento Multiplo;Intersezione semaforizzata;Una carreggiata a doppio senso;Asciutto;Asfaltata;Verticale ed orizzontale;Sereno;Normale;Buona;Ore Diurne;1;0;0;6;12.58431;41.85553;-1;4;Autocarro superiore 35 q.;In marcia / fermata / arresto;Conducente;M;Illeso;0;;Non accertato;Inesistente
2486211;10;07/09/2015 11:30;Strada Urbana;VIA DI TORRE SPACCATA;all'intersezione semaforizzata con;VIALE BRUNO PELIZZI;VIALE BRUNO PELIZZI;;;Tamponamento Multiplo;Intersezione semaforizzata;Una carreggiata a doppio senso;Asciutto;Asfaltata;Verticale ed orizzontale;Sereno;Normale;Buona;Ore Diurne;1;0;0;6;12.58431;41.85553;-1;4;Autocarro superiore 35 q.;In marcia / fermata / arresto;Passeggero;M;Illeso;0;;Non accertato;Inesistente
2486257;6;07/09/2015 08:25;Strada Urbana;VIA PRENESTINA;all'intersezione semaforizzata con;VIALE RONCHI;VIALE RONCHI;;;Scontro frontale/laterale DX fra veicoli in marcia;Incrocio;Due carreggiate;Asciutto;Asfaltata;Verticale ed orizzontale;Sereno;Normale;Buona;Ore Diurne;1;0;0;1;12.54959;41.89376;-1;1;Autovettura privata;In marcia / fermata / arresto;Conducente;M;Illeso;0;;Non accertato;Inesploso
2486257;6;07/09/2015 08:25;Strada Urbana;VIA PRENESTINA;all'intersezione semaforizzata con;VIALE RONCHI;VIALE RONCHI;;;Scontro frontale/laterale DX fra veicoli in marcia;Incrocio;Due carreggiate;Asciutto;Asfaltata;Verticale ed orizzontale;Sereno;Normale;Buona;Ore Diurne;1;0;0;1;12.54959;41.89376;-1;2;Motociclo a solo;In marcia / fermata / arresto;Conducente;F;Rimandato;0;NON DECEDUTO;Utilizzato;
2486258;11;07/09/2015 11:15;Strada Urbana;VIA VALENTINO MAZZOLA;in prossimità;;del palo luce n.;9;;Scontro frontale/laterale SX fra veicoli in marcia;Rettilineo;Una carreggiata a doppio senso;Asciutto;Asfaltata;Verticale ed orizzontale;Sereno;Normale;Buona;Ore Diurne;1;0;0;2;12.51228;41.83179;-1;1;Autovettura privata;In marcia / fermata / arresto;Conducente;M;Illeso;0;;Non accertato;Inesploso
2486258;11;07/09/2015 11:15;Strada Urbana;VIA VALENTINO MAZZOLA;in prossimità;;del palo luce n.;9;;Scontro frontale/laterale SX fra veicoli in marcia;Rettilineo;Una carreggiata a doppio senso;Asciutto;Asfaltata;Verticale ed orizzontale;Sereno;Normale;Buona;Ore Diurne;1;0;0;2;12.51228;41.83179;-1;1;Autovettura privata;In marcia / fermata / arresto;Passeggero;M;Illeso;0;;Non accertato;Inesploso
2486258;11;07/09/2015 11:15;Strada Urbana;VIA VALENTINO MAZZOLA;in prossimità;;del palo luce n.;9;;Scontro frontale/laterale SX fra veicoli in marcia;Rettilineo;Una carreggiata a doppio senso;Asciutto;Asfaltata;Verticale ed orizzontale;Sereno;Normale;Buona;Ore Diurne;1;0;0;2;12.51228;41.83179;-1;2;Motociclo a solo;In marcia / fermata / arresto;Conducente;M;Rimandato;0;NON DECEDUTO;Non accertato;
2486266;1;07/09/2015 00:30;Strada Urbana;VIA SALLUSTIANA;all'intersezione con;VIA AURELIANA;VIA AURELIANA;;;Scontro frontale/laterale DX fra veicoli in marcia;Incrocio;Una carreggiata a doppio senso;Asciutto;Asfaltata;Verticale ed orizzontale;Sereno;Scarso;Sufficiente;Ore Diurne;0;0;0;5;12.49481;41.90737;-1;1;Autovettura pubblica;In marcia / fermata / arresto;Conducente;M;Illeso;0;;Non accertato;Inesploso
2486266;1;07/09/2015 00:30;Strada Urbana;VIA SALLUSTIANA;all'intersezione con;VIA AURELIANA;VIA AURELIANA;;;Scontro frontale/laterale DX fra veicoli in marcia;Incrocio;Una carreggiata a doppio senso;Asciutto;Asfaltata;Verticale ed orizzontale;Sereno;Scarso;Sufficiente;Ore Diurne;0;0;0;5;12.49481;41.90737;-1;2;Autovettura privata;In marcia / fermata / arresto;Conducente;M;Illeso;0;;Non accertato;Inesploso
2486266;1;07/09/2015 00:30;Strada Urbana;VIA SALLUSTIANA;all'intersezione con;VIA AURELIANA;VIA AURELIANA;;;Scontro frontale/laterale DX fra veicoli in marcia;Incrocio;Una carreggiata a doppio senso;Asciutto;Asfaltata;Verticale ed orizzontale;Sereno;Scarso;Sufficiente;Ore Diurne;0;0;0;5;12.49481;41.90737;-1;2;Autovettura privata;In marcia / fermata / arresto;Passeggero;M;Illeso;0;;Non accertato;Inesploso
2486266;1;07/09/2015 00:30;Strada Urbana;VIA SALLUSTIANA;all'intersezione con;VIA AURELIANA;VIA AURELIANA;;;Scontro frontale/laterale DX fra veicoli in marcia;Incrocio;Una carreggiata a doppio senso;Asciutto;Asfaltata;Verticale ed orizzontale;Sereno;Scarso;Sufficiente;Ore Diurne;0;0;0;5;12.49481;41.90737;-1;2;Autovettura privata;In marcia / fermata / arresto;Passeggero;F;Illeso;0;;Non accertato;Inesploso
2486266;1;07/09/2015 00:30;Strada Urbana;VIA SALLUSTIANA;all'intersezione con;VIA AURELIANA;VIA AURELIANA;;;Scontro frontale/laterale DX fra veicoli in marcia;Incrocio;Una carreggiata a doppio senso;Asciutto;Asfaltata;Verticale ed orizzontale;Sereno;Scarso;Sufficiente;Ore Diurne;0;0;0;5;12.49481;41.90737;-1;2;Autovettura privata;In marcia / fermata / arresto;Passeggero;F;Illeso;0;;Non accertato;Inesploso
2486301;17;07/09/2015 12:15;Strada Urbana;VIA PIETRO GIANNONE;in prossimità;;del civico n.;4;;Scontro frontale fra veicoli in marcia;Rettilineo;Una carreggiata a senso unico di marcia;Asciutto;Asfaltata;Verticale ed orizzontale;Nuvoloso;Scarso;Buona;Ore Diurne;0;0;0;2;12.45081;41.90977;-1;1;Autovettura privata;In marcia / fermata / arresto;Conducente;F;Illeso;0;;;
2486301;17;07/09/2015 12:15;Strada Urbana;VIA PIETRO GIANNONE;in prossimità;;del civico n.;4;;Scontro frontale fra veicoli in marcia;Rettilineo;Una carreggiata a senso unico di marcia;Asciutto;Asfaltata;Verticale ed orizzontale;Nuvoloso;Scarso;Buona;Ore Diurne;0;0;0;2;12.45081;41.90977;-1;2;Autovettura privata;In marcia / fermata / arresto;Conducente;F;Illeso;0;;;
2486328;1;06/09/2015 18:40;Strada Urbana;VIALE MANZONI;all'intersezione semaforizzata con;VIA DI PORTA MAGGIORE;VIA DI PORTA MAGGIORE;;;Tamponamento Multiplo;Incrocio;Due carreggiate;Asciutto;Asfaltata;Verticale ed orizzontale;Sereno;Normale;Buona;Sufficiente;1;0;0;5;12.50963;41.89307;-1;1;Autovettura privata;In marcia / fermata / arresto;Conducente;M;Illeso;0;;;
2486328;1;06/09/2015 18:40;Strada Urbana;VIALE MANZONI;all'intersezione semaforizzata con;VIA DI PORTA MAGGIORE;VIA DI PORTA MAGGIORE;;;Tamponamento Multiplo;Incrocio;Due carreggiate;Asciutto;Asfaltata;Verticale ed orizzontale;Sereno;Normale;Buona;Sufficiente;1;0;0;5;12.50963;41.89307;-1;1;Autovettura privata;In marcia / fermata / arresto;Passeggero;F;Rimandato;0;NON DECEDUTO;;
2486328;1;06/09/2015 18:40;Strada Urbana;VIALE MANZONI;all'intersezione semaforizzata con;VIA DI PORTA MAGGIORE;VIA DI PORTA MAGGIORE;;;Tamponamento Multiplo;Incrocio;Due carreggiate;Asciutto;Asfaltata;Verticale ed orizzontale;Sereno;Normale;Buona;Sufficiente;1;0;0;5;12.50963;41.89307;-1;2;Autovettura privata;In marcia / fermata / arresto;Conducente;M;Illeso;0;;;
2486328;1;06/09/2015 18:40;Strada Urbana;VIALE MANZONI;all'intersezione semaforizzata con;VIA DI PORTA MAGGIORE;VIA DI PORTA MAGGIORE;;;Tamponamento Multiplo;Incrocio;Due carreggiate;Asciutto;Asfaltata;Verticale ed orizzontale;Sereno;Normale;Buona;Sufficiente;1;0;0;5;12.50963;41.89307;-1;2;Autovettura privata;In marcia / fermata / arresto;Passeggero;F;Illeso;0;;;
2486328;1;06/09/2015 18:40;Strada Urbana;VIALE MANZONI;all'intersezione semaforizzata con;VIA DI PORTA MAGGIORE;VIA DI PORTA MAGGIORE;;;Tamponamento Multiplo;Incrocio;Due carreggiate;Asciutto;Asfaltata;Verticale ed orizzontale;Sereno;Normale;Buona;Sufficiente;1;0;0;5;12.50963;41.89307;-1;3;Autocarro inferiore 35 q.;In marcia / fermata / arresto;Conducente;M;Illeso;0;;;
2486328;1;06/09/2015 18:40;Strada Urbana;VIALE MANZONI;all'intersezione semaforizzata con;VIA DI PORTA MAGGIORE;VIA DI PORTA MAGGIORE;;;Tamponamento Multiplo;Incrocio;Due carreggiate;Asciutto;Asfaltata;Verticale ed orizzontale;Sereno;Normale;Buona;Sufficiente;1;0;0;5;12.50963;41.89307;-1;3;Autocarro inferiore 35 q.;In marcia / fermata / arresto;Passeggero;M;Illeso;0;;;
2486382;2;07/09/2015 12:30;Strada Urbana;VIA AVIGLIANA;in prossimità;;del civico n.;3;;Scontro frontale fra veicoli in marcia;Curva senza visuale libera;Una carreggiata a senso unico di marcia;Asciutto;Asfaltata;Verticale ed orizzontale;Sereno;Normale;Buona;Ore Diurne;1;0;0;1;12.50795;41.92235;-1;1;Autovettura privata;In marcia / fermata / arresto;Conducente;F;Illeso;0;;Non accertato;Inesploso
2486382;2;07/09/2015 12:30;Strada Urbana;VIA AVIGLIANA;in prossimità;;del civico n.;3;;Scontro frontale fra veicoli in marcia;Curva senza visuale libera;Una carreggiata a senso unico di marcia;Asciutto;Asfaltata;Verticale ed orizzontale;Sereno;Normale;Buona;Ore Diurne;1;0;0;1;12.50795;41.92235;-1;2;Ciclomotore;In marcia / fermata / arresto;Conducente;F;Rimandato;0;NON DECEDUTO;Non accertato;
2486383;9;07/09/2015 12:50;Strada Urbana;VIA ACAIA;da specificare;;;;altezza via Vetulonia;Scontro laterale fra veicoli in marcia;Rettilineo;Una carreggiata a doppio senso;Asciutto;Asfaltata;Verticale ed orizzontale;Sereno;Normale;Buona;Ore Diurne;1;0;0;1;12.50749;41.87539;-1;1;Autovettura privata;In marcia / fermata / arresto;Conducente;M;Illeso;0;;Non accertato;
2486383;9;07/09/2015 12:50;Strada Urbana;VIA ACAIA;da specificare;;;;altezza via Vetulonia;Scontro laterale fra veicoli in marcia;Rettilineo;Una carreggiata a doppio senso;Asciutto;Asfaltata;Verticale ed orizzontale;Sereno;Normale;Buona;Ore Diurne;1;0;0;1;12.50749;41.87539;-1;2;Motociclo a solo;In marcia / fermata / arresto;Conducente;M;Rimandato;0;NON DECEDUTO;Non accertato;
2486387;17;05/09/2015 10:20;Strada Urbana;VIA COLA DI RIENZO;all'intersezione con;VIA ALESSANDRO FARNESE;VIA ALESSANDRO FARNESE;;;Scontro laterale fra veicoli in marcia;Intersezione stradale segnalata;Una carreggiata a doppio senso;Bagnato (pioggia);Acciotolata;Verticale ed orizzontale;Pioggia in atto;Normale;Sufficiente;Ore Diurne;1;0;0;2;12.46892;41.90891;-1;1;Autovettura privata;In marcia / fermata / arresto;Conducente;M;Illeso;0;;Non accertato;Inesploso
2486387;17;05/09/2015 10:20;Strada Urbana;VIA COLA DI RIENZO;all'intersezione con;VIA ALESSANDRO FARNESE;VIA ALESSANDRO FARNESE;;;Scontro laterale fra veicoli in marcia;Intersezione stradale segnalata;Una carreggiata a doppio senso;Bagnato (pioggia);Acciotolata;Verticale ed orizzontale;Pioggia in atto;Normale;Sufficiente;Ore Diurne;1;0;0;2;12.46892;41.90891;-1;1;Autovettura privata;In marcia / fermata / arresto;Passeggero;F;Illeso;0;;Non accertato;Inesploso
2486387;17;05/09/2015 10:20;Strada Urbana;VIA COLA DI RIENZO;all'intersezione con;VIA ALESSANDRO FARNESE;VIA ALESSANDRO FARNESE;;;Scontro laterale fra veicoli in marcia;Intersezione stradale segnalata;Una carreggiata a doppio senso;Bagnato (pioggia);Acciotolata;Verticale ed orizzontale;Pioggia in atto;Normale;Sufficiente;Ore Diurne;1;0;0;2;12.46892;41.90891;-1;2;Motociclo a solo;In marcia / fermata / arresto;Conducente;M;Rimandato;0;NON DECEDUTO;Esente;
2486406;17;06/09/2015 01:00;Strada Urbana;LUNGOTEVERE DELLE ARMI;in prossimità;;del civico n.;13;;Scontro laterale fra veicoli in marcia;Rettilineo;Una carreggiata a senso unico di marcia;Asciutto;Asfaltata;Verticale ed orizzontale;Sereno;Normale;Sufficiente;Sufficiente;0;0;0;3;12.46942;41.91482;-1;1;Autovettura privata;In marcia / fermata / arresto;Conducente;F;Illeso;0;;;
2486406;17;06/09/2015 01:00;Strada Urbana;LUNGOTEVERE DELLE ARMI;in prossimità;;del civico n.;13;;Scontro laterale fra veicoli in marcia;Rettilineo;Una carreggiata a senso unico di marcia;Asciutto;Asfaltata;Verticale ed orizzontale;Sereno;Normale;Sufficiente;Sufficiente;0;0;0;3;12.46942;41.91482;-1;2;Autovettura privata;In marcia / fermata / arresto;Conducente;F;Illeso;0;;;
2486406;17;06/09/2015 01:00;Strada Urbana;LUNGOTEVERE DELLE ARMI;in prossimità;;del civico n.;13;;Scontro laterale fra veicoli in marcia;Rettilineo;Una carreggiata a senso unico di marcia;Asciutto;Asfaltata;Verticale ed orizzontale;Sereno;Normale;Sufficiente;Sufficiente;0;0;0;3;12.46942;41.91482;-1;2;Autovettura privata;In marcia / fermata / arresto;Passeggero;M;Illeso;0;;Non accertato;Inesploso
2486414;17;06/09/2015 20:35;Strada Urbana;PIAZZA ADRIANA;all'intersezione con;VIA DELLE FOSSE DI CASTELLO;VIA DELLE FOSSE DI CASTELLO;;;Tamponamento;Intersezione non regolata/non segnalata;Una carreggiata a senso unico di marcia;Asciutto;Asfaltata;Orizzontale;Sereno;Normale;Sufficiente;Sufficiente;0;0;0;2;12.46392;41.90389;-1;1;Autovettura pubblica;In marcia / fermata / arresto;Conducente;M;Illeso;0;;Non accertato;Inesploso
2486414;17;06/09/2015 20:35;Strada Urbana;PIAZZA ADRIANA;all'intersezione con;VIA DELLE FOSSE DI CASTELLO;VIA DELLE FOSSE DI CASTELLO;;;Tamponamento;Intersezione non regolata/non segnalata;Una carreggiata a senso unico di marcia;Asciutto;Asfaltata;Orizzontale;Sereno;Normale;Sufficiente;Sufficiente;0;0;0;2;12.46392;41.90389;-1;2;Motociclo a solo;In marcia / fermata / arresto;Conducente;M;Illeso;0;;Non accertato;
2486416;17;06/09/2015 04:40;Strada Urbana;VIA CARLO PASSAGLIA;in prossimità;;del civico n.;7a;;Veicolo in marcia contro veicoli in sosta;Rettilineo;Una carreggiata a senso unico di marcia;Asciutto;Asfaltata;Verticale ed orizzontale;Sereno;Scarso;Buona;Sufficiente;1;0;0;0;12.44847;41.91071;-1;1;Autovettura privata;In marcia / fermata / arresto;Conducente;M;Rimandato;0;NON DECEDUTO;;
2486419;7;07/09/2015 11:20;Strada Urbana;VIALE PALMIRO TOGLIATTI;da specificare;;;;alt. civ. 953;Scontro frontale/laterale SX fra veicoli in marcia;Rettilineo;Due carreggiate;Asciutto;Asfaltata;Verticale ed orizzontale;Sereno;Normale;Buona;Ore Diurne;1;0;0;2;12.57438;41.89231;-1;1;Autovettura privata;In marcia / fermata / arresto;Conducente;F;Rimandato;0;NON DECEDUTO;;
2486419;7;07/09/2015 11:20;Strada Urbana;VIALE PALMIRO TOGLIATTI;da specificare;;;;alt. civ. 953;Scontro frontale/laterale SX fra veicoli in marcia;Rettilineo;Due carreggiate;Asciutto;Asfaltata;Verticale ed orizzontale;Sereno;Normale;Buona;Ore Diurne;1;0;0;2;12.57438;41.89231;-1;2;Autovettura privata;In marcia / fermata / arresto;Conducente;F;Illeso;0;;Non accertato;Inesistente
2486419;7;07/09/2015 11:20;Strada Urbana;VIALE PALMIRO TOGLIATTI;da specificare;;;;alt. civ. 953;Scontro frontale/laterale SX fra veicoli in marcia;Rettilineo;Due carreggiate;Asciutto;Asfaltata;Verticale ed orizzontale;Sereno;Normale;Buona;Ore Diurne;1;0;0;2;12.57438;41.89231;-1;2;Autovettura privata;In marcia / fermata / arresto;Passeggero;F;Illeso;0;;Non accertato;Inesistente
2486421;12;05/09/2015 06:30;Strada Urbana;VIADOTTO DELLA MAGLIANA;da specificare;;;;400 mt dopo lo Sheraton;Veicolo in marcia contro ostacolo accidentale;Rettilineo;Due carreggiate;Viscido da liquidi oleosi;Asfaltata;Verticale ed orizzontale;Nuvoloso;Normale;Buona;Ore Diurne;1;0;0;0;12.45682;41.83974;-1;1;Autovettura privata;In marcia / fermata / arresto;Conducente;M;Rimandato;0;NON DECEDUTO;Non accertato;Esploso
2486441;12;05/09/2015 07:17;Strada Urbana;VIADOTTO DELLA MAGLIANA;da specificare;;;;400 mt dopo lo Sheraton;Veicolo in marcia contro ostacolo accidentale;Rettilineo;Due carreggiate;Viscido da liquidi oleosi;Asfaltata;Verticale ed orizzontale;Nuvoloso;Normale;Buona;Ore Diurne;0;0;0;2;12.46824;41.84302;-1;1;Autobus di linea;In marcia / fermata / arresto;Conducente;M;Illeso;0;;Non accertato;Inesploso
2486441;12;05/09/2015 07:17;Strada Urbana;VIADOTTO DELLA MAGLIANA;da specificare;;;;400 mt dopo lo Sheraton;Veicolo in marcia contro ostacolo accidentale;Rettilineo;Due carreggiate;Viscido da liquidi oleosi;Asfaltata;Verticale ed orizzontale;Nuvoloso;Normale;Buona;Ore Diurne;0;0;0;2;12.46824;41.84302;-1;2;Autocarro inferiore 35 q.;In marcia / fermata / arresto;Conducente;M;Illeso;0;;Non accertato;Inesploso
2486450;13;03/09/2015 20:50;Strada Urbana;VIA DI MALAFEDE;da specificare;;;;altezza via Nora Ricci;Scontro laterale fra veicoli in marcia;Rettilineo;Una carreggiata a doppio senso;Asciutto;Asfaltata;Assente;Sereno;Normale;Buona;Sufficiente;0;0;0;1;12.40305;41.76871;-1;1;Autovettura privata;In marcia / fermata / arresto;Conducente;F;Illeso;0;;Non accertato;Inesploso
2486482;13;07/09/2015 10:00;Strada Urbana;PIAZZA QUARTO DEI MILLE;in corrispondenza;;del civico n.;10 d;;Veicolo in marcia contro veicolo fermo;Rettilineo;Una carreggiata a doppio senso;Asciutto;Asfaltata;Verticale ed orizzontale;Sereno;Normale;Buona;Ore Diurne;0;0;0;2;12.27487;41.73213;-1;1;Autovettura privata;In marcia / fermata / arresto;Conducente;F;Illeso;0;;Non accertato;Inesploso
2486482;13;07/09/2015 10:00;Strada Urbana;PIAZZA QUARTO DEI MILLE;in corrispondenza;;del civico n.;10 d;;Veicolo in marcia contro veicolo fermo;Rettilineo;Una carreggiata a doppio senso;Asciutto;Asfaltata;Verticale ed orizzontale;Sereno;Normale;Buona;Ore Diurne;0;0;0;2;12.27487;41.73213;-1;2;Autovettura privata;In marcia / fermata / arresto;Conducente;M;Illeso;0;;Non accertato;Inesploso
2486513;1;07/09/2015 15:00;Strada Urbana;VIALE DELLE TERME DI CARACALLA;all'intersezione semaforizzata con;PIAZZALE NUMA POMPILIO;PIAZZALE NUMA POMPILIO;;;Tamponamento Multiplo;Intersezione semaforizzata;Una carreggiata a doppio senso;Asciutto;Asfaltata;Orizzontale;Sereno;Normale;Buona;Ore Diurne;0;0;0;5;12.49568;41.87958;-1;1;Autovettura privata;In marcia / fermata / arresto;Conducente;F;Illeso;0;;Non accertato;Inesploso
2486513;1;07/09/2015 15:00;Strada Urbana;VIALE DELLE TERME DI CARACALLA;all'intersezione semaforizzata con;PIAZZALE NUMA POMPILIO;PIAZZALE NUMA POMPILIO;;;Tamponamento Multiplo;Intersezione semaforizzata;Una carreggiata a doppio senso;Asciutto;Asfaltata;Orizzontale;Sereno;Normale;Buona;Ore Diurne;0;0;0;5;12.49568;41.87958;-1;1;Autovettura privata;In marcia / fermata / arresto;Passeggero;F;Illeso;0;;Non accertato;Inesploso
2486513;1;07/09/2015 15:00;Strada Urbana;VIALE DELLE TERME DI CARACALLA;all'intersezione semaforizzata con;PIAZZALE NUMA POMPILIO;PIAZZALE NUMA POMPILIO;;;Tamponamento Multiplo;Intersezione semaforizzata;Una carreggiata a doppio senso;Asciutto;Asfaltata;Orizzontale;Sereno;Normale;Buona;Ore Diurne;0;0;0;5;12.49568;41.87958;-1;2;Autovettura privata;In marcia / fermata / arresto;Conducente;M;Illeso;0;;Non accertato;Inesploso
2486513;1;07/09/2015 15:00;Strada Urbana;VIALE DELLE TERME DI CARACALLA;all'intersezione semaforizzata con;PIAZZALE NUMA POMPILIO;PIAZZALE NUMA POMPILIO;;;Tamponamento Multiplo;Intersezione semaforizzata;Una carreggiata a doppio senso;Asciutto;Asfaltata;Orizzontale;Sereno;Normale;Buona;Ore Diurne;0;0;0;5;12.49568;41.87958;-1;3;Autovettura privata;In marcia / fermata / arresto;Conducente;M;Illeso;0;;Non accertato;Inesploso
2486513;1;07/09/2015 15:00;Strada Urbana;VIALE DELLE TERME DI CARACALLA;all'intersezione semaforizzata con;PIAZZALE NUMA POMPILIO;PIAZZALE NUMA POMPILIO;;;Tamponamento Multiplo;Intersezione semaforizzata;Una carreggiata a doppio senso;Asciutto;Asfaltata;Orizzontale;Sereno;Normale;Buona;Ore Diurne;0;0;0;5;12.49568;41.87958;-1;3;Autovettura privata;In marcia / fermata / arresto;Passeggero;F;Illeso;0;;Non accertato;Inesistente
2486541;12;05/09/2015 12:05;Statale;VIA CRISTOFORO COLOMBO;da specificare;;;;direz. ROMA centro 500 mt prima PALALOTTOMATICA;Scontro frontale/laterale SX fra veicoli in marcia;Rettilineo;Due carreggiate;Bagnato (umidità in atto);Asfaltata;Verticale ed orizzontale;Nuvoloso;Normale;Buona;Ore Diurne;1;0;0;3;12.46696;41.82318;-1;1;Autovettura privata;In marcia / fermata / arresto;Conducente;F;Illeso;0;;Utilizzato;Inesploso
2486541;12;05/09/2015 12:05;Statale;VIA CRISTOFORO COLOMBO;da specificare;;;;direz. ROMA centro 500 mt prima PALALOTTOMATICA;Scontro frontale/laterale SX fra veicoli in marcia;Rettilineo;Due carreggiate;Bagnato (umidità in atto);Asfaltata;Verticale ed orizzontale;Nuvoloso;Normale;Buona;Ore Diurne;1;0;0;3;12.46696;41.82318;-1;2;Autovettura privata;In marcia / fermata / arresto;Conducente;M;Rimandato;0;NON DECEDUTO;Utilizzato;Inesploso
2486541;12;05/09/2015 12:05;Statale;VIA CRISTOFORO COLOMBO;da specificare;;;;direz. ROMA centro 500 mt prima PALALOTTOMATICA;Scontro frontale/laterale SX fra veicoli in marcia;Rettilineo;Due carreggiate;Bagnato (umidità in atto);Asfaltata;Verticale ed orizzontale;Nuvoloso;Normale;Buona;Ore Diurne;1;0;0;3;12.46696;41.82318;-1;2;Autovettura privata;In marcia / fermata / arresto;Passeggero;F;Illeso;0;;Utilizzato;Inesploso
2486541;12;05/09/2015 12:05;Statale;VIA CRISTOFORO COLOMBO;da specificare;;;;direz. ROMA centro 500 mt prima PALALOTTOMATICA;Scontro frontale/laterale SX fra veicoli in marcia;Rettilineo;Due carreggiate;Bagnato (umidità in atto);Asfaltata;Verticale ed orizzontale;Nuvoloso;Normale;Buona;Ore Diurne;1;0;0;3;12.46696;41.82318;-1;3;Autovettura privata;In marcia / fermata / arresto;Conducente;M;Illeso;0;;Non accertato;Inesploso