Protocollo;Gruppo;DataOraIncidente;Localizzazione1;STRADA1;Localizzazione2;STRADA2;Strada02;Chilometrica;DaSpecificare;NaturaIncidente;particolaritastrade;TipoStrada;FondoStradale;Pavimentazione;Segnaletica;CondizioneAtmosferica;Traffico;Visibilita;Illuminazione;NUM_FERITI;NUM_RISERVATA;NUM_MORTI;NUM_ILLESI;Longitudine;Latitudine;Confermato;Progressivo;TipoVeicolo;StatoVeicolo;TipoPersona;Sesso;Tipolesione;Deceduto;DecedutoDopo;CinturaCascoUtilizzato;Airbag
2494597;20;13/09/2015 20:45;Strada Urbana;VIA FORNACE VIGNOLO;da specificare;;;;altezza LAGHETTO SPORTIVO AZZURRO;Scontro frontale/laterale SX fra veicoli in marcia;Curva senza visuale libera;Una carreggiata a doppio senso;Asciutto;Asfaltata;Orizzontale;Foschia;Normale;Insufficiente;Insufficiente;0;0;0;3;12.4992;41.98932;-1;2;Autovettura privata;In marcia / fermata / arresto;Conducente;M;Illeso;0;;;
2494597;20;13/09/2015 20:45;Strada Urbana;VIA FORNACE VIGNOLO;da specificare;;;;altezza LAGHETTO SPORTIVO AZZURRO;Scontro frontale/laterale SX fra veicoli in marcia;Curva senza visuale libera;Una carreggiata a doppio senso;Asciutto;Asfaltata;Orizzontale;Foschia;Normale;Insufficiente;Insufficiente;0;0;0;3;12.4992;41.98932;-1;2;Autovettura privata;In marcia / fermata / arresto;Passeggero;F;Illeso;0;;;
2494616;2;13/09/2015 19:45;Strada Urbana;SOTTOVIA IGNAZIO GUIDI;da specificare;;;;alt. svincolo via Pinciana;Veicolo in marcia contro ostacolo fisso;Curva a visuale libera;Una carreggiata a senso unico di marcia;Bagnato (pioggia);Asfaltata;Verticale ed orizzontale;Pioggia in atto;Normale;Sufficiente;Ore Diurne;0;0;0;1;12.49032;41.91038;-1;1;Autovettura privata;In marcia / fermata / arresto;Conducente;F;Illeso;0;;Non accertato;Inesploso
2494622;20;14/09/2015 08:00;Provinciale;VIA BRACCIANENSE;in corrispondenza;;della chilometrica;7.1;;Fuoriuscita dalla sede stradale;Curva senza visuale libera;Una carreggiata a doppio senso;Bagnato (pioggia);Asfaltata;Verticale ed orizzontale;Nuvoloso;Normale;Buona;Ore Diurne;0;0;0;1;12.35742;42.01888;-1;1;Autovettura privata;In marcia / fermata / arresto;Conducente;F;Illeso;0;;Non accertato;Inesistente
2494626;1;13/09/2015 13:45;Strada Urbana;LUNGOTEVERE TESTACCIO;in prossimità;;del palo luce n.;47/48;;Investimento di pedone;Rettilineo;Una carreggiata a doppio senso;Asciutto;Strada pavimentata dissestata;Assente;Nuvoloso;Scarso;Buona;Ore Diurne;1;0;0;2;12.47071;41.87748;-1;;;;Pedone;F;Rimandato;0;NON DECEDUTO;;
2494626;1;13/09/2015 13:45;Strada Urbana;LUNGOTEVERE TESTACCIO;in prossimità;;del palo luce n.;47/48;;Investimento di pedone;Rettilineo;Una carreggiata a doppio senso;Asciutto;Strada pavimentata dissestata;Assente;Nuvoloso;Scarso;Buona;Ore Diurne;1;0;0;2;12.47071;41.87748;-1;1;Autovettura privata;In marcia / fermata / arresto;Conducente;M;Illeso;0;;Non accertato;
2494626;1;13/09/2015 13:45;Strada Urbana;LUNGOTEVERE TESTACCIO;in prossimità;;del palo luce n.;47/48;;Investimento di pedone;Rettilineo;Una carreggiata a doppio senso;Asciutto;Strada pavimentata dissestata;Assente;Nuvoloso;Scarso;Buona;Ore Diurne;1;0;0;2;12.47071;41.87748;-1;1;Autovettura privata;In marcia / fermata / arresto;Passeggero;M;Illeso;0;;Non accertato;
2494630;16;12/09/2015 20:30;Strada Urbana;VIA DEL CASALE LUMBROSO;in prossimità;;del civico n.;6;;Scontro frontale/laterale SX fra veicoli in marcia;Rettilineo;Una carreggiata a doppio senso;Asciutto;Asfaltata;Verticale ed orizzontale;Sereno;Normale;Sufficiente;Sufficiente;2;0;0;0;12.36143;41.88333;-1;1;Autovettura privata;In marcia / fermata / arresto;Conducente;M;Rimandato;0;NON DECEDUTO;;
2494630;16;12/09/2015 20:30;Strada Urbana;VIA DEL CASALE LUMBROSO;in prossimità;;del civico n.;6;;Scontro frontale/laterale SX fra veicoli in marcia;Rettilineo;Una carreggiata a doppio senso;Asciutto;Asfaltata;Verticale ed orizzontale;Sereno;Normale;Sufficiente;Sufficiente;2;0;0;0;12.36143;41.88333;-1;2;Autovettura privata;In marcia / fermata / arresto;Conducente;M;Rimandato;0;NON DECEDUTO;;
2494680;16;11/09/2015 10:40;Strada Urbana;PIAZZALE EUGENIO MORELLI;all'intersezione con;VIA VIRGINIA AGNELLI;VIA VIRGINIA AGNELLI;;;Scontro laterale fra veicoli in marcia;Incrocio;Due carreggiate;Asciutto;Asfaltata;Verticale ed orizzontale;Sereno;Normale;Buona;Ore Diurne;0;0;0;1;12.44319;41.86051;-1;1;Autovettura privata;In marcia / fermata / arresto;Conducente;F;Illeso;0;;Non accertato;Inesploso
2494690;18;11/09/2015 00:15;Strada Urbana;VIA ANASTASIO II;in prossimità;;del civico n.;74;;Veicolo in marcia contro ostacolo fisso;Curva a visuale libera;Due carreggiate;Asciutto;Asfaltata;Verticale ed orizzontale;Sereno;Scarso;Sufficiente;Insufficiente;0;0;0;1;12.44057;41.89701;-1;1;Autovettura privata;In marcia / fermata / arresto;Conducente;M;Illeso;0;;Utilizzato;Esploso
2494709;12;11/09/2015 18:35;Strada Urbana;VIA LAURENTINA;in prossimità;;del civico n.;719;;Veicolo in marcia contro veicoli in arresto;Rettilineo;Due carreggiate;Asciutto;Asfaltata;Verticale ed orizzontale;Sereno;Normale;Buona;Ore Diurne;0;0;0;8;12.48589;41.81322;-1;1;Autovettura privata;In marcia / fermata / arresto;Conducente;F;Illeso;0;;Utilizzato;Inesploso
2494709;12;11/09/2015 18:35;Strada Urbana;VIA LAURENTINA;in prossimità;;del civico n.;719;;Veicolo in marcia contro veicoli in arresto;Rettilineo;Due carreggiate;Asciutto;Asfaltata;Verticale ed orizzontale;Sereno;Normale;Buona;Ore Diurne;0;0;0;8;12.48589;41.81322;-1;2;Autovettura privata;In marcia / fermata / arresto;Conducente;F;Illeso;0;;Utilizzato;Inesploso
2494709;12;11/09/2015 18:35;Strada Urbana;VIA LAURENTINA;in prossimità;;del civico n.;719;;Veicolo in marcia contro veicoli in arresto;Rettilineo;Due carreggiate;Asciutto;Asfaltata;Verticale ed orizzontale;Sereno;Normale;Buona;Ore Diurne;0;0;0;8;12.48589;41.81322;-1;2;Autovettura privata;In marcia / fermata / arresto;Passeggero;M;Illeso;0;;Utilizzato;Inesploso
2494709;12;11/09/2015 18:35;Strada Urbana;VIA LAURENTINA;in prossimità;;del civico n.;719;;Veicolo in marcia contro veicoli in arresto;Rettilineo;Due carreggiate;Asciutto;Asfaltata;Verticale ed orizzontale;Sereno;Normale;Buona;Ore Diurne;0;0;0;8;12.48589;41.81322;-1;3;Autovettura privata;In marcia / fermata / arresto;Conducente;M;Illeso;0;;Non accertato;Inesploso
2494709;12;11/09/2015 18:35;Strada Urbana;VIA LAURENTINA;in prossimità;;del civico n.;719;;Veicolo in marcia contro veicoli in arresto;Rettilineo;Due carreggiate;Asciutto;Asfaltata;Verticale ed orizzontale;Sereno;Normale;Buona;Ore Diurne;0;0;0;8;12.48589;41.81322;-1;4;Autocarro inferiore 35 q.;In marcia / fermata / arresto;Conducente;M;Illeso;0;;Non accertato;Inesploso
2494709;12;11/09/2015 18:35;Strada Urbana;VIA LAURENTINA;in prossimità;;del civico n.;719;;Veicolo in marcia contro veicoli in arresto;Rettilineo;Due carreggiate;Asciutto;Asfaltata;Verticale ed orizzontale;Sereno;Normale;Buona;Ore Diurne;0;0;0;8;12.48589;41.81322;-1;4;Autocarro inferiore 35 q.;In marcia / fermata / arresto;Passeggero;M;Illeso;0;;Non accertato;Inesploso
2494709;12;11/09/2015 18:35;Strada Urbana;VIA LAURENTINA;in prossimità;;del civico n.;719;;Veicolo in marcia contro veicoli in arresto;Rettilineo;Due carreggiate;Asciutto;Asfaltata;Verticale ed orizzontale;Sereno;Normale;Buona;Ore Diurne;0;0;0;8;12.48589;41.81322;-1;4;Autocarro inferiore 35 q.;In marcia / fermata / arresto;Passeggero;M;Illeso;0;;Non accertato;Inesploso
2494709;12;11/09/2015 18:35;Strada Urbana;VIA LAURENTINA;in prossimità;;del civico n.;719;;Veicolo in marcia contro veicoli in arresto;Rettilineo;Due carreggiate;Asciutto;Asfaltata;Verticale ed orizzontale;Sereno;Normale;Buona;Ore Diurne;0;0;0;8;12.48589;41.81322;-1;4;Autocarro inferiore 35 q.;In marcia / fermata / arresto;Passeggero;M;Illeso;0;;Non accertato;Inesploso
2494807;10;14/09/2015 13:40;Strada Urbana;VIA QUINTO PUBLICIO;da specificare;;;;tratto da via Lamaro a viale Palmiro Togliatti;Ribaltamento senza urto contro ostacolo fisso;Curva a visuale libera;Due carreggiate;Asciutto;Strada pavimentata dissestata;Orizzontale;Nuvoloso;Normale;Buona;Ore Diurne;1;0;0;0;12.57209;41.85637;-1;1;Motociclo a solo;In marcia / fermata / arresto;Conducente;M;Rimandato;0;NON DECEDUTO;Non accertato;
2494810;12;13/09/2015 07:00;Strada Urbana;VIA DI TRIGORIA;da specificare;;;;prox. p.le Dino Viola alt. palo ACEA n. 118;Scontro laterale fra veicoli in marcia;Curva senza visuale libera;Una carreggiata a doppio senso;Asciutto;Asfaltata;Verticale ed orizzontale;Sereno;Scarso;Buona;Ore Diurne;1;0;0;3;12.48057;41.78051;-1;1;Autovettura privata;In marcia / fermata / arresto;Conducente;M;Illeso;0;;Utilizzato;Inesploso
2494810;12;13/09/2015 07:00;Strada Urbana;VIA DI TRIGORIA;da specificare;;;;prox. p.le Dino Viola alt. palo ACEA n. 118;Scontro laterale fra veicoli in marcia;Curva senza visuale libera;Una carreggiata a doppio senso;Asciutto;Asfaltata;Verticale ed orizzontale;Sereno;Scarso;Buona;Ore Diurne;1;0;0;3;12.48057;41.78051;-1;1;Autovettura privata;In marcia / fermata / arresto;Passeggero;M;Illeso;0;;Utilizzato;Inesploso
2494810;12;13/09/2015 07:00;Strada Urbana;VIA DI TRIGORIA;da specificare;;;;prox. p.le Dino Viola alt. palo ACEA n. 118;Scontro laterale fra veicoli in marcia;Curva senza visuale libera;Una carreggiata a doppio senso;Asciutto;Asfaltata;Verticale ed orizzontale;Sereno;Scarso;Buona;Ore Diurne;1;0;0;3;12.48057;41.78051;-1;1;Autovettura privata;In marcia / fermata / arresto;Passeggero;M;Illeso;0;;Utilizzato;Inesploso
2494810;12;13/09/2015 07:00;Strada Urbana;VIA DI TRIGORIA;da specificare;;;;prox. p.le Dino Viola alt. palo ACEA n. 118;Scontro laterale fra veicoli in marcia;Curva senza visuale libera;Una carreggiata a doppio senso;Asciutto;Asfaltata;Verticale ed orizzontale;Sereno;Scarso;Buona;Ore Diurne;1;0;0;3;12.48057;41.78051;-1;2;Autovettura privata;In marcia / fermata / arresto;Conducente;M;Rimandato;0;NON DECEDUTO;Utilizzato;Inesploso
2494835;18;10/09/2015 09:10;Strada Urbana;VIA DI MONTESPACCATO;all'intersezione con;VIA TEMISTOCLE CALISTI;VIA TEMISTOCLE CALISTI;;;Scontro frontale/laterale DX fra veicoli in marcia;Incrocio;Una carreggiata a senso unico di marcia;Asciutto;Asfaltata;Verticale ed orizzontale;Sereno;Scarso;Buona;Ore Diurne;0;0;0;2;12.39279;41.90791;-1;1;Autovettura privata;In marcia / fermata / arresto;Conducente;F;Illeso;0;;Non accertato;
2494835;18;10/09/2015 09:10;Strada Urbana;VIA DI MONTESPACCATO;all'intersezione con;VIA TEMISTOCLE CALISTI;VIA TEMISTOCLE CALISTI;;;Scontro frontale/laterale DX fra veicoli in marcia;Incrocio;Una carreggiata a senso unico di marcia;Asciutto;Asfaltata;Verticale ed orizzontale;Sereno;Scarso;Buona;Ore Diurne;0;0;0;2;12.39279;41.90791;-1;2;Autovettura privata;In marcia / fermata / arresto;Conducente;M;Illeso;0;;Non accertato;
2494850;13;14/09/2015 10:00;Strada Urbana;VIA PIETRO ROMANI;in prossimità;;del civico n.;59;;Scontro laterale fra veicoli in marcia;Rettilineo;Una carreggiata a doppio senso;Asciutto;Asfaltata;Verticale ed orizzontale;Sereno;Normale;Buona;Ore Diurne;0;0;0;2;12.36967;41.74799;-1;1;Autovettura privata;In marcia / fermata / arresto;Conducente;F;Illeso;0;;Non accertato;Inesploso
2494850;13;14/09/2015 10:00;Strada Urbana;VIA PIETRO ROMANI;in prossimità;;del civico n.;59;;Scontro laterale fra veicoli in marcia;Rettilineo;Una carreggiata a doppio senso;Asciutto;Asfaltata;Verticale ed orizzontale;Sereno;Normale;Buona;Ore Diurne;0;0;0;2;12.36967;41.74799;-1;2;Autovettura privata;In marcia / fermata / arresto;Conducente;M;Illeso;0;;Non accertato;Inesploso
2494934;15;14/09/2015 08:55;Strada Urbana;VIA PIETRO MARONCELLI;all'intersezione con;VIA FRANCESCO CALZOLAIO;VIA FRANCESCO CALZOLAIO;;;Scontro frontale/laterale SX fra veicoli in marcia;Incrocio;Una carreggiata a senso unico di marcia;Bagnato (pioggia);Asfaltata;Verticale ed orizzontale;Pioggia in atto;Scarso;Buona;Ore Diurne;1;0;0;3;12.44932;41.85413;-1;1;Motociclo a solo;In marcia / fermata / arresto;Conducente;M;Rimandato;0;NON DECEDUTO;Non accertato;
2494934;15;14/09/2015 08:55;Strada Urbana;VIA PIETRO MARONCELLI;all'intersezione con;VIA FRANCESCO CALZOLAIO;VIA FRANCESCO CALZOLAIO;;;Scontro frontale/laterale SX fra veicoli in marcia;Incrocio;Una carreggiata a senso unico di marcia;Bagnato (pioggia);Asfaltata;Verticale ed orizzontale;Pioggia in atto;Scarso;Buona;Ore Diurne;1;0;0;3;12.44932;41.85413;-1;2;Autovettura privata;In marcia / fermata / arresto;Conducente;M;Illeso;0;;Non accertato;Inesploso
2494934;15;14/09/2015 08:55;Strada Urbana;VIA PIETRO MARONCELLI;all'intersezione con;VIA FRANCESCO CALZOLAIO;VIA FRANCESCO CALZOLAIO;;;Scontro frontale/laterale SX fra veicoli in marcia;Incrocio;Una carreggiata a senso unico di marcia;Bagnato (pioggia);Asfaltata;Verticale ed orizzontale;Pioggia in atto;Scarso;Buona;Ore Diurne;1;0;0;3;12.44932;41.85413;-1;2;Autovettura privata;In marcia / fermata / arresto;Passeggero;F;Illeso;0;;Utilizzato;Inesploso
2494934;15;14/09/2015 08:55;Strada Urbana;VIA PIETRO MARONCELLI;all'intersezione con;VIA FRANCESCO CALZOLAIO;VIA FRANCESCO CALZOLAIO;;;Scontro frontale/laterale SX fra veicoli in marcia;Incrocio;Una carreggiata a senso unico di marcia;Bagnato (pioggia);Asfaltata;Verticale ed orizzontale;Pioggia in atto;Scarso;Buona;Ore Diurne;1;0;0;3;12.44932;41.85413;-1;2;Autovettura privata;In marcia / fermata / arresto;Passeggero;F;Illeso;0;;Non accertato;Inesploso
2494983;12;14/09/2015 09:20;Provinciale;VIA DI PRATICA;da specificare;;;;km 1.700 direzione Pomezia;Veicolo in marcia contro ostacolo accidentale;Rettilineo;Una carreggiata a doppio senso;Bagnato (pioggia);Asfaltata;Orizzontale;Pioggia in atto;Normale;Buona;Ore Diurne;0;0;0;1;12.42959;41.70403;-1;1;Autovettura privata;In marcia / fermata / arresto;Conducente;F;Illeso;0;;Utilizzato;Inesploso
2495051;2;14/09/2015 16:55;Strada Urbana;VIALE PARIOLI;all'intersezione semaforizzata con;VIALE DELLA MOSCHEA;VIALE DELLA MOSCHEA;;;Scontro frontale/laterale SX fra veicoli in marcia;Intersezione semaforizzata;Due carreggiate;Asciutto;Asfaltata;Verticale ed orizzontale;Nuvoloso;Intenso;Buona;Ore Diurne;1;0;0;1;12.48471;41.92975;-1;1;Motociclo a solo;In marcia / fermata / arresto;Conducente;M;Rimandato;0;NON DECEDUTO;Utilizzato;
2495051;2;14/09/2015 16:55;Strada Urbana;VIALE PARIOLI;all'intersezione semaforizzata con;VIALE DELLA MOSCHEA;VIALE DELLA MOSCHEA;;;Scontro frontale/laterale SX fra veicoli in marcia;Intersezione semaforizzata;Due carreggiate;Asciutto;Asfaltata;Verticale ed orizzontale;Nuvoloso;Intenso;Buona;Ore Diurne;1;0;0;1;12.48471;41.92975;-1;2;Autovettura privata;In marcia / fermata / arresto;Conducente;M;Illeso;0;;Non accertato;Inesploso
2495079;18;14/09/2015 16:40;Strada Urbana;VIA AURELIA;in corrispondenza;;del civico n.;309;;Veicolo in marcia contro veicoli in sosta;Rettilineo;Una carreggiata a doppio senso;Asciutto;Asfaltata;Verticale ed orizzontale;Sereno;Normale;Buona;Ore Diurne;3;0;0;2;12.43581;41.89747;-1;1;Autovettura privata;In marcia / fermata / arresto;Conducente;M;Illeso;0;;Non accertato;Inesistente
2495079;18;14/09/2015 16:40;Strada Urbana;VIA AURELIA;in corrispondenza;;del civico n.;309;;Veicolo in marcia contro veicoli in sosta;Rettilineo;Una carreggiata a doppio senso;Asciutto;Asfaltata;Verticale ed orizzontale;Sereno;Normale;Buona;Ore Diurne;3;0;0;2;12.43581;41.89747;-1;1;Autovettura privata;In marcia / fermata / arresto;Passeggero;F;Rimandato;0;NON DECEDUTO;Non accertato;Inesploso
2495079;18;14/09/2015 16:40;Strada Urbana;VIA AURELIA;in corrispondenza;;del civico n.;309;;Veicolo in marcia contro veicoli in sosta;Rettilineo;Una carreggiata a doppio senso;Asciutto;Asfaltata;Verticale ed orizzontale;Sereno;Normale;Buona;Ore Diurne;3;0;0;2;12.43581;41.89747;-1;1;Autovettura privata;In marcia / fermata / arresto;Passeggero;F;Rimandato;0;NON DECEDUTO;Non accertato;Inesploso
2495079;18;14/09/2015 16:40;Strada Urbana;VIA AURELIA;in corrispondenza;;del civico n.;309;;Veicolo in marcia contro veicoli in sosta;Rettilineo;Una carreggiata a doppio senso;Asciutto;Asfaltata;Verticale ed orizzontale;Sereno;Normale;Buona;Ore Diurne;3;0;0;2;12.43581;41.89747;-1;1;Autovettura privata;In marcia / fermata / arresto;Passeggero;M;Illeso;0;;Non accertato;Inesploso
2495079;18;14/09/2015 16:40;Strada Urbana;VIA AURELIA;in corrispondenza;;del civico n.;309;;Veicolo in marcia contro veicoli in sosta;Rettilineo;Una carreggiata a doppio senso;Asciutto;Asfaltata;Verticale ed orizzontale;Sereno;Normale;Buona;Ore Diurne;3;0;0;2;12.43581;41.89747;-1;1;Autovettura privata;In marcia / fermata / arresto;Passeggero;F;Rimandato;0;NON DECEDUTO;Non accertato;Inesploso
2495082;18;11/09/2015 14:30;Strada Urbana;VIA GREGORIO VII;in corrispondenza;;del civico n.;220;;Veicolo in marcia contro veicolo fermo;Rettilineo;Più di due carreggiate;Asciutto;Asfaltata;Verticale ed orizzontale;Sereno;Scarso;Buona;Ore Diurne;0;0;0;4;12.44042;41.89603;-1;1;Autovettura privata;In marcia / fermata / arresto;Conducente;M;Illeso;0;;Non accertato;
2495082;18;11/09/2015 14:30;Strada Urbana;VIA GREGORIO VII;in corrispondenza;;del civico n.;220;;Veicolo in marcia contro veicolo fermo;Rettilineo;Più di due carreggiate;Asciutto;Asfaltata;Verticale ed orizzontale;Sereno;Scarso;Buona;Ore Diurne;0;0;0;4;12.44042;41.89603;-1;1;Autovettura privata;In marcia / fermata / arresto;Passeggero;F;Illeso;0;;Non accertato;
2495082;18;11/09/2015 14:30;Strada Urbana;VIA GREGORIO VII;in corrispondenza;;del civico n.;220;;Veicolo in marcia contro veicolo fermo;Rettilineo;Più di due carreggiate;Asciutto;Asfaltata;Verticale ed orizzontale;Sereno;Scarso;Buona;Ore Diurne;0;0;0;4;12.44042;41.89603;-1;1;Autovettura privata;In marcia / fermata / arresto;Passeggero;F;Illeso;0;;Non accertato;
2495082;18;11/09/2015 14:30;Strada Urbana;VIA GREGORIO VII;in corrispondenza;;del civico n.;220;;Veicolo in marcia contro veicolo fermo;Rettilineo;Più di due carreggiate;Asciutto;Asfaltata;Verticale ed orizzontale;Sereno;Scarso;Buona;Ore Diurne;0;0;0;4;12.44042;41.89603;-1;2;Autovettura privata;In marcia / fermata / arresto;Conducente;M;Illeso;0;;Non accertato;Inesploso
2495095;3;11/09/2015 14:30;Strada Urbana;VIA NOMENTANA;in prossimità;;del civico n.;231;;Tamponamento;Rettilineo;Più di due carreggiate;Bagnato (pioggia);Asfaltata;Verticale ed orizzontale;Pioggia in atto;Normale;Buona;Ore Diurne;1;0;0;2;12.50783;41.91399;-1;1;Autovettura privata;In marcia / fermata / arresto;Conducente;F;Illeso;0;;Non accertato;Inesploso
2495095;3;11/09/2015 14:30;Strada Urbana;VIA NOMENTANA;in prossimità;;del civico n.;231;;Tamponamento;Rettilineo;Più di due carreggiate;Bagnato (pioggia);Asfaltata;Verticale ed orizzontale;Pioggia in atto;Normale;Buona;Ore Diurne;1;0;0;2;12.50783;41.91399;-1;1;Autovettura privata;In marcia / fermata / arresto;Passeggero;F;Illeso;0;;Non accertato;Inesploso
2495095;3;11/09/2015 14:30;Strada Urbana;VIA NOMENTANA;in prossimità;;del civico n.;231;;Tamponamento;Rettilineo;Più di due carreggiate;Bagnato (pioggia);Asfaltata;Verticale ed orizzontale;Pioggia in atto;Normale;Buona;Ore Diurne;1;0;0;2;12.50783;41.91399;-1;2;Motociclo a solo;In marcia / fermata / arresto;Conducente;M;Rimandato;0;NON DECEDUTO;Non accertato;
2495097;12;13/09/2015 22:00;Strada Urbana;VIA DI TORRE S. ANASTASIA;in corrispondenza;;del civico n.;65;;Scontro frontale fra veicoli in marcia;Rettilineo;Una carreggiata a doppio senso;Asciutto;Asfaltata;Orizzontale;Sereno;Scarso;Buona;Inesistente;1;0;0;2;12.52698;41.76796;-1;1;Autovettura privata;In marcia / fermata / arresto;Conducente;M;Illeso;0;;Utilizzato;Esploso
2495097;12;13/09/2015 22:00;Strada Urbana;VIA DI TORRE S. ANASTASIA;in corrispondenza;;del civico n.;65;;Scontro frontale fra veicoli in marcia;Rettilineo;Una carreggiata a doppio senso;Asciutto;Asfaltata;Orizzontale;Sereno;Scarso;Buona;Inesistente;1;0;0;2;12.52698;41.76796;-1;2;Autovettura privata;In marcia / fermata / arresto;Conducente;M;Illeso;0;;Utilizzato;Esploso
2495097;12;13/09/2015 22:00;Strada Urbana;VIA DI TORRE S. ANASTASIA;in corrispondenza;;del civico n.;65;;Scontro frontale fra veicoli in marcia;Rettilineo;Una carreggiata a doppio senso;Asciutto;Asfaltata;Orizzontale;Sereno;Scarso;Buona;Inesistente;1;0;0;2;12.52698;41.76796;-1;2;Autovettura privata;In marcia / fermata / arresto;Passeggero;F;Rimandato;0;NON DECEDUTO;Utilizzato;Esploso
2495107;18;11/09/2015 19:20;Strada Urbana;PIAZZA S. GIOVANNI BATTISTA DE LA SALLE;in corrispondenza;;del civico n.;1;;Tamponamento;Rettilineo;Più di due carreggiate;Asciutto;Asfaltata;Verticale ed orizzontale;Sereno;Intenso;Buona;Ore Diurne;0;0;0;2;12.42751;41.89842;-1;1;Motociclo a solo;In marcia / fermata / arresto;Conducente;M;Illeso;0;;Non accertato;
2495107;18;11/09/2015 19:20;Strada Urbana;PIAZZA S. GIOVANNI BATTISTA DE LA SALLE;in corrispondenza;;del civico n.;1;;Tamponamento;Rettilineo;Più di due carreggiate;Asciutto;Asfaltata;Verticale ed orizzontale;Sereno;Intenso;Buona;Ore Diurne;0;0;0;2;12.42751;41.89842;-1;2;Autovettura privata;In marcia / fermata / arresto;Conducente;M;Illeso;0;;Non accertato;Inesploso
2495110;15;14/09/2015 17:30;Strada Urbana;VIA DEGLI IRLANDESI;all'intersezione con;VIA LEOPOLDO RUSPOLI;VIA LEOPOLDO RUSPOLI;;;Investimento di pedone;Incrocio;Una carreggiata a senso unico di marcia;Asciutto;Asfaltata;Verticale ed orizzontale;Sereno;Normale;Buona;Ore Diurne;1;0;0;2;12.45055;41.85741;-1;;;;Pedone;M;Rimandato;0;NON DECEDUTO;;
2495110;15;14/09/2015 17:30;Strada Urbana;VIA DEGLI IRLANDESI;all'intersezione con;VIA LEOPOLDO RUSPOLI;VIA LEOPOLDO RUSPOLI;;;Investimento di pedone;Incrocio;Una carreggiata a senso unico di marcia;Asciutto;Asfaltata;Verticale ed orizzontale;Sereno;Normale;Buona;Ore Diurne;1;0;0;2;12.45055;41.85741;-1;1;Autovettura privata;In marcia / fermata / arresto;Conducente;M;Illeso;0;;Utilizzato;Inesploso
2495110;15;14/09/2015 17:30;Strada Urbana;VIA DEGLI IRLANDESI;all'intersezione con;VIA LEOPOLDO RUSPOLI;VIA LEOPOLDO RUSPOLI;;;Investimento di pedone;Incrocio;Una carreggiata a senso unico di marcia;Asciutto;Asfaltata;Verticale ed orizzontale;Sereno;Normale;Buona;Ore Diurne;1;0;0;2;12.45055;41.85741;-1;1;Autovettura privata;In marcia / fermata / arresto;Passeggero;F;Illeso;0;;Utilizzato;Inesploso
2495138;7;14/09/2015 15:45;Strada Urbana;PIAZZA DEI MIRTI;in prossimità;;del civico n.;25;;Tamponamento;Rotatoria;Una carreggiata a senso unico di marcia;Asciutto;Asfaltata;Verticale ed orizzontale;Nuvoloso;Normale;Buona;Ore Diurne;0;0;0;3;12.56714;41.88111;-1;1;Autovettura privata;In marcia / fermata / arresto;Conducente;F;Illeso;0;;Non accertato;Inesploso
2495138;7;14/09/2015 15:45;Strada Urbana;PIAZZA DEI MIRTI;in prossimità;;del civico n.;25;;Tamponamento;Rotatoria;Una carreggiata a senso unico di marcia;Asciutto;Asfaltata;Verticale ed orizzontale;Nuvoloso;Normale;Buona;Ore Diurne;0;0;0;3;12.56714;41.88111;-1;1;Autovettura privata;In marcia / fermata / arresto;Passeggero;M;Illeso;0;;Non accertato;Inesploso
2495138;7;14/09/2015 15:45;Strada Urbana;PIAZZA DEI MIRTI;in prossimità;;del civico n.;25;;Tamponamento;Rotatoria;Una carreggiata a senso unico di marcia;Asciutto;Asfaltata;Verticale ed orizzontale;Nuvoloso;Normale;Buona;Ore Diurne;0;0;0;3;12.56714;41.88111;-1;2;Autovettura privata;In marcia / fermata / arresto;Conducente;M;Illeso;0;;Non accertato;Inesploso
2495141;3;12/09/2015 11:45;Strada Urbana;VIA NOMENTANA;da specificare;;;;Viale XXI Aprile (rif. civ. 2 BIS);Scontro laterale fra veicoli in marcia;Rettilineo;Due carreggiate;Asciutto;Asfaltata;Verticale ed orizzontale;Sereno;Normale;Buona;Ore Diurne;1;0;0;3;12.51771;41.92113;-1;1;Autocarro inferiore 35 q.;In marcia / fermata / arresto;Conducente;M;Illeso;0;;Non accertato;Inesploso
2495141;3;12/09/2015 11:45;Strada Urbana;VIA NOMENTANA;da specificare;;;;Viale XXI Aprile (rif. civ. 2 BIS);Scontro laterale fra veicoli in marcia;Rettilineo;Due carreggiate;Asciutto;Asfaltata;Verticale ed orizzontale;Sereno;Normale;Buona;Ore Diurne;1;0;0;3;12.51771;41.92113;-1;2;Autovettura pubblica;In marcia / fermata / arresto;Conducente;M;Illeso;0;;Non accertato;Inesploso