Protocollo;Gruppo;DataOraIncidente;Localizzazione1;STRADA1;Localizzazione2;STRADA2;Strada02;Chilometrica;DaSpecificare;NaturaIncidente;particolaritastrade;TipoStrada;FondoStradale;Pavimentazione;Segnaletica;CondizioneAtmosferica;Traffico;Visibilita;Illuminazione;NUM_FERITI;NUM_RISERVATA;NUM_MORTI;NUM_ILLESI;Longitudine;Latitudine;Confermato;Progressivo;TipoVeicolo;StatoVeicolo;TipoPersona;Sesso;Tipolesione;Deceduto;DecedutoDopo;CinturaCascoUtilizzato;Airbag
2516030;6;29/09/2015 17:30;Provinciale entro l'abitato;VIA PRENESTINA;in corrispondenza;;del civico n.;204a;;Scontro laterale fra veicoli in marcia;Rettilineo;Più di due carreggiate;Asciutto;Asfaltata;Orizzontale;Sereno;Normale;Buona;Ore Diurne;0;0;0;4;12.53568;41.8923;-1;1;Autovettura privata;In marcia / fermata / arresto;Conducente;M;Illeso;0;;Non accertato;Inesploso
2516030;6;29/09/2015 17:30;Provinciale entro l'abitato;VIA PRENESTINA;in corrispondenza;;del civico n.;204a;;Scontro laterale fra veicoli in marcia;Rettilineo;Più di due carreggiate;Asciutto;Asfaltata;Orizzontale;Sereno;Normale;Buona;Ore Diurne;0;0;0;4;12.53568;41.8923;-1;1;Autovettura privata;In marcia / fermata / arresto;Passeggero;F;Illeso;0;;Non accertato;Inesploso
2516030;6;29/09/2015 17:30;Provinciale entro l'abitato;VIA PRENESTINA;in corrispondenza;;del civico n.;204a;;Scontro laterale fra veicoli in marcia;Rettilineo;Più di due carreggiate;Asciutto;Asfaltata;Orizzontale;Sereno;Normale;Buona;Ore Diurne;0;0;0;4;12.53568;41.8923;-1;2;Autocarro superiore 35 q.;In marcia / fermata / arresto;Conducente;M;Illeso;0;;Non accertato;Inesploso
2516030;6;29/09/2015 17:30;Provinciale entro l'abitato;VIA PRENESTINA;in corrispondenza;;del civico n.;204a;;Scontro laterale fra veicoli in marcia;Rettilineo;Più di due carreggiate;Asciutto;Asfaltata;Orizzontale;Sereno;Normale;Buona;Ore Diurne;0;0;0;4;12.53568;41.8923;-1;2;Autocarro superiore 35 q.;In marcia / fermata / arresto;Passeggero;M;Illeso;0;;Non accertato;Inesploso
2516037;18;26/09/2015 13:00;Strada Urbana;VIA ANASTASIO II;all'intersezione con;VIA AGOSTINO RICHELMY;VIA AGOSTINO RICHELMY;;;Ribaltamento senza urto contro ostacolo fisso;Intersezione stradale segnalata;Più di due carreggiate;Asciutto;Asfaltata;Verticale ed orizzontale;Sereno;Scarso;Buona;Ore Diurne;0;0;0;1;12.44265;41.89884;-1;1;Motociclo a solo;In marcia / fermata / arresto;Conducente;M;Illeso;0;;;
2516042;20;29/09/2015 17:15;Strada Urbana;LUNGOTEVERE MARESCIALLO DIAZ;in prossimità;;del civico n.;20;;Tamponamento Multiplo;Rettilineo;Due carreggiate;Asciutto;Asfaltata;Orizzontale;Sereno;Intenso;Buona;Ore Diurne;1;0;0;4;12.46409;41.9354;-1;1;Autovettura privata;In marcia / fermata / arresto;Conducente;F;Illeso;0;;Non accertato;Inesploso
2516042;20;29/09/2015 17:15;Strada Urbana;LUNGOTEVERE MARESCIALLO DIAZ;in prossimità;;del civico n.;20;;Tamponamento Multiplo;Rettilineo;Due carreggiate;Asciutto;Asfaltata;Orizzontale;Sereno;Intenso;Buona;Ore Diurne;1;0;0;4;12.46409;41.9354;-1;1;Autovettura privata;In marcia / fermata / arresto;Passeggero;F;Illeso;0;;Non accertato;Inesploso
2516042;20;29/09/2015 17:15;Strada Urbana;LUNGOTEVERE MARESCIALLO DIAZ;in prossimità;;del civico n.;20;;Tamponamento Multiplo;Rettilineo;Due carreggiate;Asciutto;Asfaltata;Orizzontale;Sereno;Intenso;Buona;Ore Diurne;1;0;0;4;12.46409;41.9354;-1;2;Autovettura privata;In marcia / fermata / arresto;Conducente;M;Illeso;0;;Non accertato;Inesploso
2516042;20;29/09/2015 17:15;Strada Urbana;LUNGOTEVERE MARESCIALLO DIAZ;in prossimità;;del civico n.;20;;Tamponamento Multiplo;Rettilineo;Due carreggiate;Asciutto;Asfaltata;Orizzontale;Sereno;Intenso;Buona;Ore Diurne;1;0;0;4;12.46409;41.9354;-1;2;Autovettura privata;In marcia / fermata / arresto;Passeggero;M;Illeso;0;;Non accertato;Inesploso
2516042;20;29/09/2015 17:15;Strada Urbana;LUNGOTEVERE MARESCIALLO DIAZ;in prossimità;;del civico n.;20;;Tamponamento Multiplo;Rettilineo;Due carreggiate;Asciutto;Asfaltata;Orizzontale;Sereno;Intenso;Buona;Ore Diurne;1;0;0;4;12.46409;41.9354;-1;3;Autovettura privata;In marcia / fermata / arresto;Conducente;F;Rimandato;0;NON DECEDUTO;Non accertato;Inesploso
2516051;2;29/09/2015 16:40;Strada Urbana;LUNGOTEVERE DELLE NAVI;all'intersezione semaforizzata con;PIAZZALE DELLE BELLE ARTI;PIAZZALE DELLE BELLE ARTI;;;Scontro laterale fra veicoli in marcia;Intersezione semaforizzata;Più di due carreggiate;Asciutto;Asfaltata;Verticale ed orizzontale;Sereno;Intenso;Buona;Ore Diurne;0;0;0;4;12.47181;41.91868;-1;1;Autovettura privata;In marcia / fermata / arresto;Conducente;M;Illeso;0;;Non accertato;Inesploso
2516051;2;29/09/2015 16:40;Strada Urbana;LUNGOTEVERE DELLE NAVI;all'intersezione semaforizzata con;PIAZZALE DELLE BELLE ARTI;PIAZZALE DELLE BELLE ARTI;;;Scontro laterale fra veicoli in marcia;Intersezione semaforizzata;Più di due carreggiate;Asciutto;Asfaltata;Verticale ed orizzontale;Sereno;Intenso;Buona;Ore Diurne;0;0;0;4;12.47181;41.91868;-1;1;Autovettura privata;In marcia / fermata / arresto;Passeggero;M;Illeso;0;;Non accertato;Inesploso
2516051;2;29/09/2015 16:40;Strada Urbana;LUNGOTEVERE DELLE NAVI;all'intersezione semaforizzata con;PIAZZALE DELLE BELLE ARTI;PIAZZALE DELLE BELLE ARTI;;;Scontro laterale fra veicoli in marcia;Intersezione semaforizzata;Più di due carreggiate;Asciutto;Asfaltata;Verticale ed orizzontale;Sereno;Intenso;Buona;Ore Diurne;0;0;0;4;12.47181;41.91868;-1;1;Autovettura privata;In marcia / fermata / arresto;Passeggero;M;Illeso;0;;Non accertato;Inesploso
2516051;2;29/09/2015 16:40;Strada Urbana;LUNGOTEVERE DELLE NAVI;all'intersezione semaforizzata con;PIAZZALE DELLE BELLE ARTI;PIAZZALE DELLE BELLE ARTI;;;Scontro laterale fra veicoli in marcia;Intersezione semaforizzata;Più di due carreggiate;Asciutto;Asfaltata;Verticale ed orizzontale;Sereno;Intenso;Buona;Ore Diurne;0;0;0;4;12.47181;41.91868;-1;2;Autovettura privata;In marcia / fermata / arresto;Conducente;F;Illeso;0;;Non accertato;Inesploso
2516062;1;26/09/2015 08:50;Strada Urbana;VIA DI PORTA MAGGIORE;all'intersezione semaforizzata con;VIALE MANZONI;VIALE MANZONI;;;Scontro laterale fra veicoli in marcia;Intersezione semaforizzata;Una carreggiata a doppio senso;Asciutto;Asfaltata;Verticale ed orizzontale;Sereno;Normale;Buona;Ore Diurne;0;0;0;3;12.51175;41.89252;-1;1;Autovettura privata;In marcia / fermata / arresto;Conducente;M;Illeso;0;;Non accertato;
2516062;1;26/09/2015 08:50;Strada Urbana;VIA DI PORTA MAGGIORE;all'intersezione semaforizzata con;VIALE MANZONI;VIALE MANZONI;;;Scontro laterale fra veicoli in marcia;Intersezione semaforizzata;Una carreggiata a doppio senso;Asciutto;Asfaltata;Verticale ed orizzontale;Sereno;Normale;Buona;Ore Diurne;0;0;0;3;12.51175;41.89252;-1;1;Autovettura privata;In marcia / fermata / arresto;Passeggero;F;Illeso;0;;Non accertato;
2516062;1;26/09/2015 08:50;Strada Urbana;VIA DI PORTA MAGGIORE;all'intersezione semaforizzata con;VIALE MANZONI;VIALE MANZONI;;;Scontro laterale fra veicoli in marcia;Intersezione semaforizzata;Una carreggiata a doppio senso;Asciutto;Asfaltata;Verticale ed orizzontale;Sereno;Normale;Buona;Ore Diurne;0;0;0;3;12.51175;41.89252;-1;2;Motociclo a solo;In marcia / fermata / arresto;Conducente;M;Illeso;0;;Non accertato;
2516086;10;29/09/2015 18:00;Strada Urbana;VIA DI CAMPO ROMANO;in prossimità;;del civico n.;18;;Investimento di pedone;Rettilineo;Una carreggiata a doppio senso;Asciutto;Asfaltata;Verticale ed orizzontale;Sereno;Normale;Buona;Ore Diurne;2;0;0;1;12.6151;41.83089;-1;;;;Pedone;M;Rimandato;0;NON DECEDUTO;;
2516086;10;29/09/2015 18:00;Strada Urbana;VIA DI CAMPO ROMANO;in prossimità;;del civico n.;18;;Investimento di pedone;Rettilineo;Una carreggiata a doppio senso;Asciutto;Asfaltata;Verticale ed orizzontale;Sereno;Normale;Buona;Ore Diurne;2;0;0;1;12.6151;41.83089;-1;;;;Pedone;F;Ricoverato;0;NON DECEDUTO;;
2516086;10;29/09/2015 18:00;Strada Urbana;VIA DI CAMPO ROMANO;in prossimità;;del civico n.;18;;Investimento di pedone;Rettilineo;Una carreggiata a doppio senso;Asciutto;Asfaltata;Verticale ed orizzontale;Sereno;Normale;Buona;Ore Diurne;2;0;0;1;12.6151;41.83089;-1;1;Autovettura privata;In marcia / fermata / arresto;Conducente;M;Illeso;0;;Non accertato;Inesploso
2516093;6;29/09/2015 18:15;Strada Urbana;VIA ANAGNI;all'intersezione semaforizzata con;VIA TOR DE' SCHIAVI;VIA TOR DE' SCHIAVI;;;Scontro laterale fra veicoli in marcia;Intersezione semaforizzata;Una carreggiata a doppio senso;Asciutto;Asfaltata;Verticale ed orizzontale;Sereno;Normale;Buona;Ore Diurne;0;0;0;3;12.5604;41.89061;-1;1;Motociclo a solo;In marcia / fermata / arresto;Conducente;M;Illeso;0;;Non accertato;
2516093;6;29/09/2015 18:15;Strada Urbana;VIA ANAGNI;all'intersezione semaforizzata con;VIA TOR DE' SCHIAVI;VIA TOR DE' SCHIAVI;;;Scontro laterale fra veicoli in marcia;Intersezione semaforizzata;Una carreggiata a doppio senso;Asciutto;Asfaltata;Verticale ed orizzontale;Sereno;Normale;Buona;Ore Diurne;0;0;0;3;12.5604;41.89061;-1;2;Autovettura privata;In marcia / fermata / arresto;Conducente;F;Illeso;0;;Non accertato;Inesploso
2516093;6;29/09/2015 18:15;Strada Urbana;VIA ANAGNI;all'intersezione semaforizzata con;VIA TOR DE' SCHIAVI;VIA TOR DE' SCHIAVI;;;Scontro laterale fra veicoli in marcia;Intersezione semaforizzata;Una carreggiata a doppio senso;Asciutto;Asfaltata;Verticale ed orizzontale;Sereno;Normale;Buona;Ore Diurne;0;0;0;3;12.5604;41.89061;-1;2;Autovettura privata;In marcia / fermata / arresto;Passeggero;F;Illeso;0;;Non accertato;Inesploso
2516112;17;29/09/2015 16:15;Strada Urbana;VIA RIALTO;all'intersezione con;VIA GIORGIO SCALIA;VIA GIORGIO SCALIA;;;Investimento di pedone;Intersezione stradale segnalata;Una carreggiata a senso unico di marcia;Asciutto;Asfaltata;Verticale ed orizzontale;Sereno;Normale;Buona;Ore Diurne;1;0;0;2;12.44631;41.90775;-1;;;;Pedone;F;Ricoverato;0;NON DECEDUTO;;
2516112;17;29/09/2015 16:15;Strada Urbana;VIA RIALTO;all'intersezione con;VIA GIORGIO SCALIA;VIA GIORGIO SCALIA;;;Investimento di pedone;Intersezione stradale segnalata;Una carreggiata a senso unico di marcia;Asciutto;Asfaltata;Verticale ed orizzontale;Sereno;Normale;Buona;Ore Diurne;1;0;0;2;12.44631;41.90775;-1;1;Autocarro inferiore 35 q.;In marcia / fermata / arresto;Conducente;M;Illeso;0;;Non accertato;Inesistente
2516112;17;29/09/2015 16:15;Strada Urbana;VIA RIALTO;all'intersezione con;VIA GIORGIO SCALIA;VIA GIORGIO SCALIA;;;Investimento di pedone;Intersezione stradale segnalata;Una carreggiata a senso unico di marcia;Asciutto;Asfaltata;Verticale ed orizzontale;Sereno;Normale;Buona;Ore Diurne;1;0;0;2;12.44631;41.90775;-1;1;Autocarro inferiore 35 q.;In marcia / fermata / arresto;Passeggero;M;Illeso;0;;Non accertato;Inesistente
2516155;16;28/09/2015 13:45;Strada Urbana;CIRCONVALLAZIONE GIANICOLENSE;in prossimità;;del civico n.;87;;Tamponamento;Rettilineo;Più di due carreggiate;Asciutto;Asfaltata;Verticale;Sereno;Normale;Buona;Ore Diurne;2;0;0;1;12.45588;41.86935;-1;1;Autocarro inferiore 35 q.;In marcia / fermata / arresto;Conducente;M;Illeso;0;;Non accertato;
2516155;16;28/09/2015 13:45;Strada Urbana;CIRCONVALLAZIONE GIANICOLENSE;in prossimità;;del civico n.;87;;Tamponamento;Rettilineo;Più di due carreggiate;Asciutto;Asfaltata;Verticale;Sereno;Normale;Buona;Ore Diurne;2;0;0;1;12.45588;41.86935;-1;2;Ciclomotore;In marcia / fermata / arresto;Conducente;M;Rimandato;0;NON DECEDUTO;;
2516155;16;28/09/2015 13:45;Strada Urbana;CIRCONVALLAZIONE GIANICOLENSE;in prossimità;;del civico n.;87;;Tamponamento;Rettilineo;Più di due carreggiate;Asciutto;Asfaltata;Verticale;Sereno;Normale;Buona;Ore Diurne;2;0;0;1;12.45588;41.86935;-1;2;Ciclomotore;In marcia / fermata / arresto;Passeggero;M;Rimandato;0;NON DECEDUTO;Non accertato;
2516200;15;29/09/2015 12:20;Strada Urbana;VIA DELLA MAGLIANA;all'intersezione con;VIA DEI GROTTONI;VIA DEI GROTTONI;;;Veicolo in marcia contro ostacolo fisso;Intersezione semaforizzata;Una carreggiata a doppio senso;Asciutto;Asfaltata;Verticale ed orizzontale;Sereno;Normale;Buona;Ore Diurne;0;0;0;2;12.42401;41.83394;-1;1;Autovettura privata;In marcia / fermata / arresto;Conducente;F;Illeso;0;;Utilizzato;Inesploso
2516200;15;29/09/2015 12:20;Strada Urbana;VIA DELLA MAGLIANA;all'intersezione con;VIA DEI GROTTONI;VIA DEI GROTTONI;;;Veicolo in marcia contro ostacolo fisso;Intersezione semaforizzata;Una carreggiata a doppio senso;Asciutto;Asfaltata;Verticale ed orizzontale;Sereno;Normale;Buona;Ore Diurne;0;0;0;2;12.42401;41.83394;-1;1;Autovettura privata;In marcia / fermata / arresto;Passeggero;M;Illeso;0;;Utilizzato;Inesploso
2516212;12;29/09/2015 17:55;Strada Urbana;VIALE DELL'ASTRONOMIA;all'intersezione con;PIAZZALE LUIGI STURZO;PIAZZALE LUIGI STURZO;;;Scontro frontale/laterale DX fra veicoli in marcia;Incrocio;Una carreggiata a doppio senso;Asciutto;Asfaltata;Orizzontale;Sereno;Scarso;Buona;Ore Diurne;0;0;0;5;12.46663;41.83447;-1;1;Autovettura privata;In marcia / fermata / arresto;Conducente;F;Illeso;0;;Non accertato;Inesploso
2516212;12;29/09/2015 17:55;Strada Urbana;VIALE DELL'ASTRONOMIA;all'intersezione con;PIAZZALE LUIGI STURZO;PIAZZALE LUIGI STURZO;;;Scontro frontale/laterale DX fra veicoli in marcia;Incrocio;Una carreggiata a doppio senso;Asciutto;Asfaltata;Orizzontale;Sereno;Scarso;Buona;Ore Diurne;0;0;0;5;12.46663;41.83447;-1;2;Autovettura privata;In marcia / fermata / arresto;Conducente;F;Illeso;0;;Non accertato;Inesploso
2516212;12;29/09/2015 17:55;Strada Urbana;VIALE DELL'ASTRONOMIA;all'intersezione con;PIAZZALE LUIGI STURZO;PIAZZALE LUIGI STURZO;;;Scontro frontale/laterale DX fra veicoli in marcia;Incrocio;Una carreggiata a doppio senso;Asciutto;Asfaltata;Orizzontale;Sereno;Scarso;Buona;Ore Diurne;0;0;0;5;12.46663;41.83447;-1;2;Autovettura privata;In marcia / fermata / arresto;Passeggero;F;Illeso;0;;Non accertato;Inesploso
2516212;12;29/09/2015 17:55;Strada Urbana;VIALE DELL'ASTRONOMIA;all'intersezione con;PIAZZALE LUIGI STURZO;PIAZZALE LUIGI STURZO;;;Scontro frontale/laterale DX fra veicoli in marcia;Incrocio;Una carreggiata a doppio senso;Asciutto;Asfaltata;Orizzontale;Sereno;Scarso;Buona;Ore Diurne;0;0;0;5;12.46663;41.83447;-1;2;Autovettura privata;In marcia / fermata / arresto;Passeggero;M;Illeso;0;;Non accertato;Inesploso
2516334;11;29/09/2015 09:30;Strada Urbana;VIA ALESSANDRO SEVERO;in corrispondenza;;del civico n.;212;;Veicolo in marcia contro ostacolo accidentale;Rettilineo;Una carreggiata a senso unico di marcia;Viscido da liquidi oleosi;Asfaltata;Assente;Nuvoloso;Normale;Buona;Ore Diurne;1;0;0;0;12.48763;41.85286;-1;1;Motociclo a solo;In marcia / fermata / arresto;Conducente;M;Rimandato;0;NON DECEDUTO;;
2516355;15;29/09/2015 19:35;Strada Urbana;VIA ANTONIO PACINOTTI;all'intersezione con;VIA ALFREDO NOBEL;VIA ALFREDO NOBEL;;;Scontro laterale fra veicoli in marcia;Incrocio;Una carreggiata a doppio senso;Asciutto;Asfaltata;Orizzontale;Sereno;Intenso;Insufficiente;Inesistente;0;0;0;2;12.4678;41.87103;-1;1;Autovettura privata;In marcia / fermata / arresto;Conducente;F;Illeso;0;;;
2516355;15;29/09/2015 19:35;Strada Urbana;VIA ANTONIO PACINOTTI;all'intersezione con;VIA ALFREDO NOBEL;VIA ALFREDO NOBEL;;;Scontro laterale fra veicoli in marcia;Incrocio;Una carreggiata a doppio senso;Asciutto;Asfaltata;Orizzontale;Sereno;Intenso;Insufficiente;Inesistente;0;0;0;2;12.4678;41.87103;-1;2;Autovettura privata;In marcia / fermata / arresto;Conducente;F;Illeso;0;;;
2516367;8;29/09/2015 13:20;Strada Urbana;VIA DELL'ACQUA VERGINE;in prossimità;;del palo luce n.;36;;Veicolo in marcia contro ostacolo accidentale;Rettilineo;Una carreggiata a doppio senso;Asciutto;Asfaltata;Assente;Sereno;Normale;Buona;Ore Diurne;0;0;0;1;12.62592;41.89616;-1;1;Autovettura privata;In marcia / fermata / arresto;Conducente;F;Illeso;0;;Non accertato;Inesploso
2516370;8;29/09/2015 13:21;Strada Urbana;VIA DELL'ACQUA VERGINE;in prossimità;;del palo luce n.;36;;Veicolo in marcia contro ostacolo accidentale;Rettilineo;Una carreggiata a doppio senso;Asciutto;Asfaltata;Assente;Sereno;Normale;Buona;Ore Diurne;0;0;0;1;12.62592;41.89616;-1;1;Autovettura privata;In marcia / fermata / arresto;Conducente;M;Illeso;0;;Non accertato;Inesploso
2516374;8;29/09/2015 13:22;Strada Urbana;VIA DELL'ACQUA VERGINE;in prossimità;;del palo luce n.;36;;Veicolo in marcia contro ostacolo accidentale;Rettilineo;Una carreggiata a doppio senso;Asciutto;Asfaltata;Assente;Sereno;Normale;Buona;Ore Diurne;0;0;0;1;12.62592;41.89616;-1;1;Autovettura privata;In marcia / fermata / arresto;Conducente;F;Illeso;0;;Non accertato;Inesploso
2516375;15;28/09/2015 07:55;Strada Urbana;VIA PORTUENSE;da specificare;;;;pross.tà int.ne  rampa Via I. Newton dir Eur;Veicolo in marcia contro ostacolo accidentale;Curva a visuale libera;Due carreggiate;Asciutto;Asfaltata;Orizzontale;Sereno;Normale;Buona;Ore Diurne;0;0;0;1;12.40939;41.84342;-1;1;Motociclo a solo;In marcia / fermata / arresto;Conducente;M;Illeso;0;;;
2516376;8;29/09/2015 13:23;Strada Urbana;VIA DELL'ACQUA VERGINE;in prossimità;;del palo luce n.;36;;Veicolo in marcia contro ostacolo accidentale;Rettilineo;Una carreggiata a doppio senso;Asciutto;Asfaltata;Assente;Sereno;Normale;Buona;Ore Diurne;1;0;0;1;12.62592;41.89616;-1;1;Autovettura privata;In marcia / fermata / arresto;Conducente;M;Illeso;0;;Non accertato;Inesploso
2516376;8;29/09/2015 13:23;Strada Urbana;VIA DELL'ACQUA VERGINE;in prossimità;;del palo luce n.;36;;Veicolo in marcia contro ostacolo accidentale;Rettilineo;Una carreggiata a doppio senso;Asciutto;Asfaltata;Assente;Sereno;Normale;Buona;Ore Diurne;1;0;0;1;12.62592;41.89616;-1;1;Autovettura privata;In marcia / fermata / arresto;Passeggero;F;Rifiuta cure immediate;0;NON DECEDUTO;Non accertato;Inesploso
2516377;8;29/09/2015 13:24;Strada Urbana;VIA DELL'ACQUA VERGINE;in prossimità;;del palo luce n.;36;;Veicolo in marcia contro ostacolo accidentale;Rettilineo;Una carreggiata a doppio senso;Asciutto;Asfaltata;Assente;Sereno;Normale;Buona;Ore Diurne;0;0;0;2;12.62592;41.89616;-1;1;Autovettura privata;In marcia / fermata / arresto;Conducente;M;Illeso;0;;Non accertato;Inesploso
2516377;8;29/09/2015 13:24;Strada Urbana;VIA DELL'ACQUA VERGINE;in prossimità;;del palo luce n.;36;;Veicolo in marcia contro ostacolo accidentale;Rettilineo;Una carreggiata a doppio senso;Asciutto;Asfaltata;Assente;Sereno;Normale;Buona;Ore Diurne;0;0;0;2;12.62592;41.89616;-1;1;Autovettura privata;In marcia / fermata / arresto;Passeggero;F;Illeso;0;;Non accertato;Inesploso
2516379;7;29/09/2015 18:00;Strada Urbana;VIA COLLATINA;all'intersezione con;VIA GIUSEPPE ROSATI;VIA GIUSEPPE ROSATI;;;Scontro frontale/laterale SX fra veicoli in marcia;Intersezione stradale segnalata;Una carreggiata a doppio senso;Asciutto;Asfaltata;Verticale ed orizzontale;Sereno;Intenso;Sufficiente;Ore Diurne;1;0;0;5;12.58849;41.90399;-1;1;Motociclo a solo;In marcia / fermata / arresto;Conducente;M;Rimandato;0;NON DECEDUTO;Non accertato;
2516379;7;29/09/2015 18:00;Strada Urbana;VIA COLLATINA;all'intersezione con;VIA GIUSEPPE ROSATI;VIA GIUSEPPE ROSATI;;;Scontro frontale/laterale SX fra veicoli in marcia;Intersezione stradale segnalata;Una carreggiata a doppio senso;Asciutto;Asfaltata;Verticale ed orizzontale;Sereno;Intenso;Sufficiente;Ore Diurne;1;0;0;5;12.58849;41.90399;-1;2;Autovettura privata;In marcia / fermata / arresto;Conducente;M;Illeso;0;;Non accertato;Inesploso
2516379;7;29/09/2015 18:00;Strada Urbana;VIA COLLATINA;all'intersezione con;VIA GIUSEPPE ROSATI;VIA GIUSEPPE ROSATI;;;Scontro frontale/laterale SX fra veicoli in marcia;Intersezione stradale segnalata;Una carreggiata a doppio senso;Asciutto;Asfaltata;Verticale ed orizzontale;Sereno;Intenso;Sufficiente;Ore Diurne;1;0;0;5;12.58849;41.90399;-1;3;Motociclo a solo;In marcia / fermata / arresto;Conducente;M;Illeso;0;;Non accertato;
2516379;7;29/09/2015 18:00;Strada Urbana;VIA COLLATINA;all'intersezione con;VIA GIUSEPPE ROSATI;VIA GIUSEPPE ROSATI;;;Scontro frontale/laterale SX fra veicoli in marcia;Intersezione stradale segnalata;Una carreggiata a doppio senso;Asciutto;Asfaltata;Verticale ed orizzontale;Sereno;Intenso;Sufficiente;Ore Diurne;1;0;0;5;12.58849;41.90399;-1;4;Autovettura privata;In marcia / fermata / arresto;Conducente;M;Illeso;0;;Non accertato;Inesploso
2516379;7;29/09/2015 18:00;Strada Urbana;VIA COLLATINA;all'intersezione con;VIA GIUSEPPE ROSATI;VIA GIUSEPPE ROSATI;;;Scontro frontale/laterale SX fra veicoli in marcia;Intersezione stradale segnalata;Una carreggiata a doppio senso;Asciutto;Asfaltata;Verticale ed orizzontale;Sereno;Intenso;Sufficiente;Ore Diurne;1;0;0;5;12.58849;41.90399;-1;4;Autovettura privata;In marcia / fermata / arresto;Passeggero;M;Illeso;0;;Non accertato;Inesploso
2516379;7;29/09/2015 18:00;Strada Urbana;VIA COLLATINA;all'intersezione con;VIA GIUSEPPE ROSATI;VIA GIUSEPPE ROSATI;;;Scontro frontale/laterale SX fra veicoli in marcia;Intersezione stradale segnalata;Una carreggiata a doppio senso;Asciutto;Asfaltata;Verticale ed orizzontale;Sereno;Intenso;Sufficiente;Ore Diurne;1;0;0;5;12.58849;41.90399;-1;5;Autovettura privata;In marcia / fermata / arresto;Conducente;F;Illeso;0;;Non accertato;Inesploso
2516380;5;29/09/2015 09:30;Strada Urbana;VIA DEL CASALE DI S. BASILIO;in prossimità;;del civico n.;132;;Tamponamento;Rettilineo;Una carreggiata a doppio senso;Asciutto;Asfaltata;Verticale ed orizzontale;Sereno;Normale;Buona;Ore Diurne;0;0;0;2;12.57881;41.9382;-1;1;Autovettura privata;In marcia / fermata / arresto;Conducente;M;Illeso;0;;Non accertato;Inesploso
2516380;5;29/09/2015 09:30;Strada Urbana;VIA DEL CASALE DI S. BASILIO;in prossimità;;del civico n.;132;;Tamponamento;Rettilineo;Una carreggiata a doppio senso;Asciutto;Asfaltata;Verticale ed orizzontale;Sereno;Normale;Buona;Ore Diurne;0;0;0;2;12.57881;41.9382;-1;2;Autocarro inferiore 35 q.;In marcia / fermata / arresto;Conducente;M;Illeso;0;;Non accertato;Inesploso
2516381;8;29/09/2015 17:10;Strada Urbana;VIA DEL FOSSO DELL'OSA;da specificare;;;;alt. Via Montagano;Tamponamento;Rettilineo;Una carreggiata a doppio senso;Asciutto;Asfaltata;Verticale ed orizzontale;Sereno;Normale;Buona;Ore Diurne;0;0;0;5;12.68403;41.9045;-1;1;Autovettura privata;In marcia / fermata / arresto;Conducente;F;Illeso;0;;Non accertato;Inesploso
2516381;8;29/09/2015 17:10;Strada Urbana;VIA DEL FOSSO DELL'OSA;da specificare;;;;alt. Via Montagano;Tamponamento;Rettilineo;Una carreggiata a doppio senso;Asciutto;Asfaltata;Verticale ed orizzontale;Sereno;Normale;Buona;Ore Diurne;0;0;0;5;12.68403;41.9045;-1;1;Autovettura privata;In marcia / fermata / arresto;Passeggero;F;Illeso;0;;Non accertato;Inesploso
2516381;8;29/09/2015 17:10;Strada Urbana;VIA DEL FOSSO DELL'OSA;da specificare;;;;alt. Via Montagano;Tamponamento;Rettilineo;Una carreggiata a doppio senso;Asciutto;Asfaltata;Verticale ed orizzontale;Sereno;Normale;Buona;Ore Diurne;0;0;0;5;12.68403;41.9045;-1;1;Autovettura privata;In marcia / fermata / arresto;Passeggero;F;Illeso;0;;Non accertato;Inesploso
2516381;8;29/09/2015 17:10;Strada Urbana;VIA DEL FOSSO DELL'OSA;da specificare;;;;alt. Via Montagano;Tamponamento;Rettilineo;Una carreggiata a doppio senso;Asciutto;Asfaltata;Verticale ed orizzontale;Sereno;Normale;Buona;Ore Diurne;0;0;0;5;12.68403;41.9045;-1;1;Autovettura privata;In marcia / fermata / arresto;Passeggero;M;Illeso;0;;Non accertato;Inesploso
2516381;8;29/09/2015 17:10;Strada Urbana;VIA DEL FOSSO DELL'OSA;da specificare;;;;alt. Via Montagano;Tamponamento;Rettilineo;Una carreggiata a doppio senso;Asciutto;Asfaltata;Verticale ed orizzontale;Sereno;Normale;Buona;Ore Diurne;0;0;0;5;12.68403;41.9045;-1;2;Autovettura privata;In marcia / fermata / arresto;Conducente;M;Illeso;0;;Non accertato;Inesploso
2516383;8;29/09/2015 17:30;Strada Urbana;VIA DELL'ACQUA VERGINE;in prossimità;;del palo luce n.;27;;Scontro frontale/laterale SX fra veicoli in marcia;Curva senza visuale libera;Una carreggiata a doppio senso;Asciutto;Asfaltata;Verticale ed orizzontale;Sereno;Normale;Buona;Ore Diurne;2;0;0;0;12.62592;41.89616;-1;1;Autovettura privata;In marcia / fermata / arresto;Conducente;F;Rimandato;0;NON DECEDUTO;Non accertato;Esploso