Protocollo;Gruppo;DataOraIncidente;Localizzazione1;STRADA1;Localizzazione2;STRADA2;Strada02;Chilometrica;DaSpecificare;NaturaIncidente;particolaritastrade;TipoStrada;FondoStradale;Pavimentazione;Segnaletica;CondizioneAtmosferica;Traffico;Visibilita;Illuminazione;NUM_FERITI;NUM_RISERVATA;NUM_MORTI;NUM_ILLESI;Longitudine;Latitudine;Confermato;Progressivo;TipoVeicolo;StatoVeicolo;TipoPersona;Sesso;Tipolesione;Deceduto;DecedutoDopo;CinturaCascoUtilizzato;Airbag
2516383;8;29/09/2015 17:30;Strada Urbana;VIA DELL'ACQUA VERGINE;in prossimità;;del palo luce n.;27;;Scontro frontale/laterale SX fra veicoli in marcia;Curva senza visuale libera;Una carreggiata a doppio senso;Asciutto;Asfaltata;Verticale ed orizzontale;Sereno;Normale;Buona;Ore Diurne;2;0;0;0;12.62592;41.89616;-1;2;Motociclo a solo;In marcia / fermata / arresto;Conducente;M;Rimandato;0;NON DECEDUTO;Non accertato;
2516384;10;29/09/2015 12:10;Strada Urbana;VIA TUSCOLANA;all'intersezione semaforizzata con;VIA PONZIO COMINIO;VIA PONZIO COMINIO;;;Scontro laterale fra veicoli in marcia;Intersezione semaforizzata;Due carreggiate;Asciutto;Asfaltata;Verticale ed orizzontale;Sereno;Normale;Buona;Ore Diurne;2;0;0;1;12.55715;41.85983;-1;1;Autovettura privata;In marcia / fermata / arresto;Conducente;M;Rimandato;0;NON DECEDUTO;Utilizzato;Inesploso
2516384;10;29/09/2015 12:10;Strada Urbana;VIA TUSCOLANA;all'intersezione semaforizzata con;VIA PONZIO COMINIO;VIA PONZIO COMINIO;;;Scontro laterale fra veicoli in marcia;Intersezione semaforizzata;Due carreggiate;Asciutto;Asfaltata;Verticale ed orizzontale;Sereno;Normale;Buona;Ore Diurne;2;0;0;1;12.55715;41.85983;-1;2;Autovettura privata;In marcia / fermata / arresto;Conducente;F;Illeso;0;;Non accertato;Inesploso
2516384;10;29/09/2015 12:10;Strada Urbana;VIA TUSCOLANA;all'intersezione semaforizzata con;VIA PONZIO COMINIO;VIA PONZIO COMINIO;;;Scontro laterale fra veicoli in marcia;Intersezione semaforizzata;Due carreggiate;Asciutto;Asfaltata;Verticale ed orizzontale;Sereno;Normale;Buona;Ore Diurne;2;0;0;1;12.55715;41.85983;-1;3;Motociclo a solo;In marcia / fermata / arresto;Conducente;M;Rimandato;0;NON DECEDUTO;Non accertato;
2516385;5;29/09/2015 11:10;Strada Urbana;VIA DEI DURANTINI;da specificare;;;;in prossimità di VIA T. MONICELLI;Investimento di pedone;Rettilineo;Una carreggiata a doppio senso;Asciutto;Asfaltata;Assente;Sereno;Normale;Buona;Ore Diurne;1;0;0;1;12.54207;41.91118;-1;;;;Pedone;F;Rimandato;0;NON DECEDUTO;;
2516385;5;29/09/2015 11:10;Strada Urbana;VIA DEI DURANTINI;da specificare;;;;in prossimità di VIA T. MONICELLI;Investimento di pedone;Rettilineo;Una carreggiata a doppio senso;Asciutto;Asfaltata;Assente;Sereno;Normale;Buona;Ore Diurne;1;0;0;1;12.54207;41.91118;-1;1;Autovettura privata;In marcia / fermata / arresto;Conducente;M;Illeso;0;;Non accertato;
2516389;8;29/09/2015 16:30;Strada Urbana;VIA PRENESTINA;in prossimità;;del civico n.;1112;;Scontro laterale fra veicoli in marcia;Rettilineo;Una carreggiata a doppio senso;Asciutto;Asfaltata;Verticale ed orizzontale;Sereno;Normale;Buona;Ore Diurne;1;0;0;1;12.61645;41.89324;-1;1;Autocarro inferiore 35 q.;In marcia / fermata / arresto;Conducente;M;Illeso;0;;Utilizzato;Inesploso
2516389;8;29/09/2015 16:30;Strada Urbana;VIA PRENESTINA;in prossimità;;del civico n.;1112;;Scontro laterale fra veicoli in marcia;Rettilineo;Una carreggiata a doppio senso;Asciutto;Asfaltata;Verticale ed orizzontale;Sereno;Normale;Buona;Ore Diurne;1;0;0;1;12.61645;41.89324;-1;2;Autovettura privata;In marcia / fermata / arresto;Conducente;F;Rifiuta cure immediate;0;NON DECEDUTO;Utilizzato;Inesploso
2516391;13;29/09/2015 06:45;Strada Urbana;VIA CESARE LAURENTI;all'intersezione con;VIA CAPO PALINURO;VIA CAPO PALINURO;;;Veicolo in marcia contro veicoli in sosta;Incrocio;Due carreggiate;Asciutto;Asfaltata;Assente;Nuvoloso;Normale;Buona;Ore Diurne;0;0;0;1;12.28529;41.73385;-1;2;Autovettura privata;In marcia / fermata / arresto;Conducente;F;Illeso;0;;Non accertato;Inesploso
2516394;5;29/09/2015 19:15;Strada Urbana;VIA DI SALONE;da specificare;;;;50 mt. prima del civ. 131/D ;Tamponamento;Rettilineo;Una carreggiata a doppio senso;Asciutto;Asfaltata;Orizzontale;Sereno;Normale;Sufficiente;Sufficiente;0;0;0;2;12.6263;41.93186;-1;1;Autovettura privata;In marcia / fermata / arresto;Conducente;M;Illeso;0;;Non accertato;Inesploso
2516394;5;29/09/2015 19:15;Strada Urbana;VIA DI SALONE;da specificare;;;;50 mt. prima del civ. 131/D ;Tamponamento;Rettilineo;Una carreggiata a doppio senso;Asciutto;Asfaltata;Orizzontale;Sereno;Normale;Sufficiente;Sufficiente;0;0;0;2;12.6263;41.93186;-1;2;Autovettura privata;In marcia / fermata / arresto;Conducente;M;Illeso;0;;Non accertato;Inesploso
2516400;8;29/09/2015 16:00;Strada Urbana;VIA DEL FOSSO DI S. MAURA;in prossimità;;del civico n.;40;;Veicolo in marcia contro ostacolo accidentale;Rettilineo;Una carreggiata a doppio senso;Asciutto;Asfaltata;Orizzontale;Sereno;Normale;Buona;Ore Diurne;0;0;0;1;12.59118;41.8588;-1;1;Autovettura privata;In marcia / fermata / arresto;Conducente;F;Illeso;0;;Non accertato;Inesploso
2516403;8;29/09/2015 09:00;Strada Urbana;VIA COLUMBIA;all'intersezione con;VIA CAMBRIDGE;VIA CAMBRIDGE;;;Scontro frontale/laterale SX fra veicoli in marcia;Incrocio;Una carreggiata a doppio senso;Asciutto;Asfaltata;Verticale ed orizzontale;Nuvoloso;Normale;Sufficiente;Ore Diurne;1;0;0;1;12.61857;41.85282;-1;1;Motociclo a solo;In marcia / fermata / arresto;Conducente;M;Rifiuta cure immediate;0;NON DECEDUTO;Non accertato;
2516403;8;29/09/2015 09:00;Strada Urbana;VIA COLUMBIA;all'intersezione con;VIA CAMBRIDGE;VIA CAMBRIDGE;;;Scontro frontale/laterale SX fra veicoli in marcia;Incrocio;Una carreggiata a doppio senso;Asciutto;Asfaltata;Verticale ed orizzontale;Nuvoloso;Normale;Sufficiente;Ore Diurne;1;0;0;1;12.61857;41.85282;-1;2;Autovettura privata;In marcia / fermata / arresto;Conducente;M;Illeso;0;;Non accertato;Inesploso
2516405;7;29/09/2015 17:35;Strada Urbana;VIALE PALMIRO TOGLIATTI;in corrispondenza;;del civico n.;824;;Scontro laterale fra veicoli in marcia;Rettilineo;Due carreggiate;Asciutto;Asfaltata;Verticale ed orizzontale;Sereno;Normale;Buona;Ore Diurne;2;0;0;3;12.57363;41.8862;-1;1;Autovettura privata;In marcia / fermata / arresto;Conducente;M;Rimandato;0;NON DECEDUTO;Non accertato;Esploso
2516405;7;29/09/2015 17:35;Strada Urbana;VIALE PALMIRO TOGLIATTI;in corrispondenza;;del civico n.;824;;Scontro laterale fra veicoli in marcia;Rettilineo;Due carreggiate;Asciutto;Asfaltata;Verticale ed orizzontale;Sereno;Normale;Buona;Ore Diurne;2;0;0;3;12.57363;41.8862;-1;1;Autovettura privata;In marcia / fermata / arresto;Passeggero;M;Illeso;0;;Non accertato;Esploso
2516405;7;29/09/2015 17:35;Strada Urbana;VIALE PALMIRO TOGLIATTI;in corrispondenza;;del civico n.;824;;Scontro laterale fra veicoli in marcia;Rettilineo;Due carreggiate;Asciutto;Asfaltata;Verticale ed orizzontale;Sereno;Normale;Buona;Ore Diurne;2;0;0;3;12.57363;41.8862;-1;2;Autovettura privata;In marcia / fermata / arresto;Conducente;F;Rimandato;0;NON DECEDUTO;Non accertato;Inesploso
2516405;7;29/09/2015 17:35;Strada Urbana;VIALE PALMIRO TOGLIATTI;in corrispondenza;;del civico n.;824;;Scontro laterale fra veicoli in marcia;Rettilineo;Due carreggiate;Asciutto;Asfaltata;Verticale ed orizzontale;Sereno;Normale;Buona;Ore Diurne;2;0;0;3;12.57363;41.8862;-1;3;Autovettura privata;In marcia / fermata / arresto;Conducente;F;Illeso;0;;Non accertato;Inesploso
2516405;7;29/09/2015 17:35;Strada Urbana;VIALE PALMIRO TOGLIATTI;in corrispondenza;;del civico n.;824;;Scontro laterale fra veicoli in marcia;Rettilineo;Due carreggiate;Asciutto;Asfaltata;Verticale ed orizzontale;Sereno;Normale;Buona;Ore Diurne;2;0;0;3;12.57363;41.8862;-1;3;Autovettura privata;In marcia / fermata / arresto;Passeggero;M;Illeso;0;;Non accertato;Inesploso
2516408;8;29/09/2015 07:10;Strada Urbana;VIA CASILINA;da specificare;;;;area parcheggio stazione di Grotte Celoni;Scontro frontale/laterale DX fra veicoli in marcia;Rettilineo;Una carreggiata a doppio senso;Asciutto;Asfaltata;Orizzontale;Nuvoloso;Scarso;Buona;Ore Diurne;0;0;0;2;12.60933;41.86405;-1;1;Autovettura privata;In marcia / fermata / arresto;Conducente;F;Illeso;0;;Non accertato;Inesploso
2516408;8;29/09/2015 07:10;Strada Urbana;VIA CASILINA;da specificare;;;;area parcheggio stazione di Grotte Celoni;Scontro frontale/laterale DX fra veicoli in marcia;Rettilineo;Una carreggiata a doppio senso;Asciutto;Asfaltata;Orizzontale;Nuvoloso;Scarso;Buona;Ore Diurne;0;0;0;2;12.60933;41.86405;-1;2;Autovettura privata;In marcia / fermata / arresto;Conducente;F;Illeso;0;;Non accertato;Inesploso
2516412;11;29/09/2015 07:40;Strada Urbana;VIA PELLEGRINO MATTEUCCI;da specificare;;;;prossimità via Giacomo Bove;Investimento di pedone;Rettilineo;Una carreggiata a doppio senso;Asciutto;Asfaltata;Verticale ed orizzontale;Sereno;Scarso;Buona;Ore Diurne;1;0;0;1;12.48175;41.87211;-1;;;;Pedone;F;Rimandato;0;NON DECEDUTO;;
2516412;11;29/09/2015 07:40;Strada Urbana;VIA PELLEGRINO MATTEUCCI;da specificare;;;;prossimità via Giacomo Bove;Investimento di pedone;Rettilineo;Una carreggiata a doppio senso;Asciutto;Asfaltata;Verticale ed orizzontale;Sereno;Scarso;Buona;Ore Diurne;1;0;0;1;12.48175;41.87211;-1;1;Autovettura privata;In marcia / fermata / arresto;Conducente;M;Illeso;0;;Non accertato;
2516413;5;29/09/2015 10:00;Strada Urbana;VIA CARLO PESENTI;da specificare;;;;"USCITA PARCHEGGIO ""POLTRONE E SOFA'""";Scontro frontale/laterale DX fra veicoli in marcia;Rettilineo;Una carreggiata a doppio senso;Asciutto;Asfaltata;Verticale ed orizzontale;Sereno;Scarso;Buona;Ore Diurne;0;0;0;3;12.59925;41.933;-1;1;Autovettura privata;In marcia / fermata / arresto;Conducente;F;Illeso;0;;Non accertato;
2516413;5;29/09/2015 10:00;Strada Urbana;VIA CARLO PESENTI;da specificare;;;;"USCITA PARCHEGGIO ""POLTRONE E SOFA'""";Scontro frontale/laterale DX fra veicoli in marcia;Rettilineo;Una carreggiata a doppio senso;Asciutto;Asfaltata;Verticale ed orizzontale;Sereno;Scarso;Buona;Ore Diurne;0;0;0;3;12.59925;41.933;-1;1;Autovettura privata;In marcia / fermata / arresto;Passeggero;F;Illeso;0;;Non accertato;
2516413;5;29/09/2015 10:00;Strada Urbana;VIA CARLO PESENTI;da specificare;;;;"USCITA PARCHEGGIO ""POLTRONE E SOFA'""";Scontro frontale/laterale DX fra veicoli in marcia;Rettilineo;Una carreggiata a doppio senso;Asciutto;Asfaltata;Verticale ed orizzontale;Sereno;Scarso;Buona;Ore Diurne;0;0;0;3;12.59925;41.933;-1;2;Autovettura privata;In marcia / fermata / arresto;Conducente;M;Illeso;0;;Non accertato;
2516427;9;29/09/2015 20:45;Strada Urbana;VIA DI TOR S. ANTONIO;in prossimità;;del palo luce n.;3;;Veicolo in marcia contro ostacolo accidentale;Curva a visuale libera;Una carreggiata a doppio senso;Asciutto;Asfaltata;Verticale ed orizzontale;Sereno;Scarso;Buona;Sufficiente;1;0;0;0;12.70314;41.86652;-1;1;Motociclo a solo;In marcia / fermata / arresto;Conducente;M;Rimandato;0;NON DECEDUTO;;
2516429;5;29/09/2015 13:15;Strada Urbana;VIA TIBURTINA;all'intersezione semaforizzata con;VIA ELENA BRANDIZZI GIANNI;VIA ELENA BRANDIZZI GIANNI;;;Scontro frontale/laterale SX fra veicoli in marcia;Intersezione semaforizzata;Due carreggiate;Asciutto;Asfaltata;Verticale ed orizzontale;Sereno;Normale;Buona;Ore Diurne;1;0;0;4;12.57913;41.93153;-1;1;Motociclo a solo;In marcia / fermata / arresto;Conducente;M;Rimandato;0;NON DECEDUTO;Non accertato;
2516429;5;29/09/2015 13:15;Strada Urbana;VIA TIBURTINA;all'intersezione semaforizzata con;VIA ELENA BRANDIZZI GIANNI;VIA ELENA BRANDIZZI GIANNI;;;Scontro frontale/laterale SX fra veicoli in marcia;Intersezione semaforizzata;Due carreggiate;Asciutto;Asfaltata;Verticale ed orizzontale;Sereno;Normale;Buona;Ore Diurne;1;0;0;4;12.57913;41.93153;-1;2;Autovettura privata;In marcia / fermata / arresto;Conducente;M;Illeso;0;;Non accertato;
2516429;5;29/09/2015 13:15;Strada Urbana;VIA TIBURTINA;all'intersezione semaforizzata con;VIA ELENA BRANDIZZI GIANNI;VIA ELENA BRANDIZZI GIANNI;;;Scontro frontale/laterale SX fra veicoli in marcia;Intersezione semaforizzata;Due carreggiate;Asciutto;Asfaltata;Verticale ed orizzontale;Sereno;Normale;Buona;Ore Diurne;1;0;0;4;12.57913;41.93153;-1;2;Autovettura privata;In marcia / fermata / arresto;Passeggero;M;Illeso;0;;Non accertato;
2516429;5;29/09/2015 13:15;Strada Urbana;VIA TIBURTINA;all'intersezione semaforizzata con;VIA ELENA BRANDIZZI GIANNI;VIA ELENA BRANDIZZI GIANNI;;;Scontro frontale/laterale SX fra veicoli in marcia;Intersezione semaforizzata;Due carreggiate;Asciutto;Asfaltata;Verticale ed orizzontale;Sereno;Normale;Buona;Ore Diurne;1;0;0;4;12.57913;41.93153;-1;2;Autovettura privata;In marcia / fermata / arresto;Passeggero;F;Illeso;0;;Non accertato;
2516429;5;29/09/2015 13:15;Strada Urbana;VIA TIBURTINA;all'intersezione semaforizzata con;VIA ELENA BRANDIZZI GIANNI;VIA ELENA BRANDIZZI GIANNI;;;Scontro frontale/laterale SX fra veicoli in marcia;Intersezione semaforizzata;Due carreggiate;Asciutto;Asfaltata;Verticale ed orizzontale;Sereno;Normale;Buona;Ore Diurne;1;0;0;4;12.57913;41.93153;-1;2;Autovettura privata;In marcia / fermata / arresto;Passeggero;F;Illeso;0;;Non accertato;
2516442;13;29/09/2015 08:10;Strada Urbana;VIA GUIDO BIAGI;in corrispondenza;;del civico n.;7;;Scontro frontale/laterale SX fra veicoli in marcia;Rettilineo;Una carreggiata a doppio senso;Asciutto;Asfaltata;Verticale;Sereno;Scarso;Buona;Ore Diurne;0;0;0;5;12.37998;41.7876;-1;1;Autovettura privata;In marcia / fermata / arresto;Conducente;M;Illeso;0;;;
2516442;13;29/09/2015 08:10;Strada Urbana;VIA GUIDO BIAGI;in corrispondenza;;del civico n.;7;;Scontro frontale/laterale SX fra veicoli in marcia;Rettilineo;Una carreggiata a doppio senso;Asciutto;Asfaltata;Verticale;Sereno;Scarso;Buona;Ore Diurne;0;0;0;5;12.37998;41.7876;-1;1;Autovettura privata;In marcia / fermata / arresto;Passeggero;M;Illeso;0;;;
2516442;13;29/09/2015 08:10;Strada Urbana;VIA GUIDO BIAGI;in corrispondenza;;del civico n.;7;;Scontro frontale/laterale SX fra veicoli in marcia;Rettilineo;Una carreggiata a doppio senso;Asciutto;Asfaltata;Verticale;Sereno;Scarso;Buona;Ore Diurne;0;0;0;5;12.37998;41.7876;-1;1;Autovettura privata;In marcia / fermata / arresto;Passeggero;M;Illeso;0;;;
2516442;13;29/09/2015 08:10;Strada Urbana;VIA GUIDO BIAGI;in corrispondenza;;del civico n.;7;;Scontro frontale/laterale SX fra veicoli in marcia;Rettilineo;Una carreggiata a doppio senso;Asciutto;Asfaltata;Verticale;Sereno;Scarso;Buona;Ore Diurne;0;0;0;5;12.37998;41.7876;-1;1;Autovettura privata;In marcia / fermata / arresto;Passeggero;M;Illeso;0;;;
2516442;13;29/09/2015 08:10;Strada Urbana;VIA GUIDO BIAGI;in corrispondenza;;del civico n.;7;;Scontro frontale/laterale SX fra veicoli in marcia;Rettilineo;Una carreggiata a doppio senso;Asciutto;Asfaltata;Verticale;Sereno;Scarso;Buona;Ore Diurne;0;0;0;5;12.37998;41.7876;-1;2;Autovettura privata;In marcia / fermata / arresto;Conducente;F;Illeso;0;;;
2516487;13;29/09/2015 09:50;Strada Urbana;VIA DEI GALEONI;in corrispondenza;;del civico n.;17;;Veicolo in marcia contro veicolo in sosta;Rettilineo;Una carreggiata a senso unico di marcia;Asciutto;Asfaltata;Assente;Nuvoloso;Scarso;Buona;Ore Diurne;0;0;0;1;12.28279;41.73377;-1;1;Autocarro superiore 35 q.;In marcia / fermata / arresto;Conducente;M;Illeso;0;;Non accertato;Inesploso
2516522;6;30/09/2015 08:05;Statale entro l'abitato;VIA CASILINA;all'intersezione semaforizzata con;VIALE FILARETE;VIALE FILARETE;;;Scontro frontale/laterale DX fra veicoli in marcia;Intersezione semaforizzata;Due carreggiate;Asciutto;Asfaltata;Verticale ed orizzontale;Sereno;Normale;Buona;Ore Diurne;1;0;0;1;12.53852;41.88146;-1;1;Motociclo a solo;In marcia / fermata / arresto;Conducente;M;Ricoverato;0;NON DECEDUTO;Utilizzato;
2516522;6;30/09/2015 08:05;Statale entro l'abitato;VIA CASILINA;all'intersezione semaforizzata con;VIALE FILARETE;VIALE FILARETE;;;Scontro frontale/laterale DX fra veicoli in marcia;Intersezione semaforizzata;Due carreggiate;Asciutto;Asfaltata;Verticale ed orizzontale;Sereno;Normale;Buona;Ore Diurne;1;0;0;1;12.53852;41.88146;-1;2;Autovettura privata;In marcia / fermata / arresto;Conducente;F;Illeso;0;;Non accertato;Inesploso
2516566;17;29/09/2015;Strada Urbana;VIALE VALADIER;in corrispondenza;;del civico n.;35;;Veicolo in marcia contro veicolo in sosta;Rettilineo;Una carreggiata a senso unico di marcia;Asciutto;Asfaltata;Verticale ed orizzontale;Sereno;Normale;Buona;Ore Diurne;0;0;0;1;12.46963;41.90805;-1;1;Motociclo con passeggero;In marcia / fermata / arresto;Conducente;F;Illeso;0;;Non accertato;
2516584;20;29/09/2015 07:25;Provinciale entro l'abitato;VIA CASSIA;da specificare;;;;prossimità fronte civico 952;Scontro laterale fra veicoli in marcia;Rettilineo;Una carreggiata a doppio senso;Asciutto;Asfaltata;Orizzontale;Sereno;Intenso;Buona;Ore Diurne;0;0;0;2;12.42197;41.97892;-1;1;Autovettura privata;In marcia / fermata / arresto;Conducente;F;Illeso;0;;Non accertato;Inesploso
2516584;20;29/09/2015 07:25;Provinciale entro l'abitato;VIA CASSIA;da specificare;;;;prossimità fronte civico 952;Scontro laterale fra veicoli in marcia;Rettilineo;Una carreggiata a doppio senso;Asciutto;Asfaltata;Orizzontale;Sereno;Intenso;Buona;Ore Diurne;0;0;0;2;12.42197;41.97892;-1;2;Quadriciclo leggero;In marcia / fermata / arresto;Conducente;F;Illeso;0;;Non accertato;Inesploso
2516614;20;29/09/2015 09:30;Strada Urbana;VIA RUBRA;da specificare;;;;fronte civico 1;Veicolo in marcia contro veicolo in sosta;Pendenza;Una carreggiata a doppio senso;Asciutto;Asfaltata;Verticale;Sereno;Scarso;Buona;Ore Diurne;0;0;0;1;12.4938;41.9952;-1;1;Autovettura privata;In marcia / fermata / arresto;Conducente;M;Illeso;0;;Non accertato;Inesploso
2516617;19;29/09/2015 09:35;Strada Urbana;VIA S. GIUSEPPE DA COPERTINO;da specificare;;;;rotatoria GRA;Tamponamento;Curva a visuale libera;Una carreggiata a senso unico di marcia;Asciutto;Asfaltata;Verticale ed orizzontale;Sereno;Normale;Buona;Ore Diurne;1;0;0;1;12.40376;41.97606;-1;1;Autovettura privata;In marcia / fermata / arresto;Conducente;F;Illeso;0;;;
2516617;19;29/09/2015 09:35;Strada Urbana;VIA S. GIUSEPPE DA COPERTINO;da specificare;;;;rotatoria GRA;Tamponamento;Curva a visuale libera;Una carreggiata a senso unico di marcia;Asciutto;Asfaltata;Verticale ed orizzontale;Sereno;Normale;Buona;Ore Diurne;1;0;0;1;12.40376;41.97606;-1;2;Motociclo con passeggero;In marcia / fermata / arresto;Conducente;M;Rimandato;0;NON DECEDUTO;;
2516627;7;29/09/2015 15:20;Strada Urbana;VIA PRENESTINA;all'intersezione con;VIA EMILIO LONGONI;VIA EMILIO LONGONI;;;Scontro laterale fra veicoli in marcia;Rotatoria;Una carreggiata a senso unico di marcia;Asciutto;Asfaltata;Orizzontale;Sereno;Normale;Buona;Ore Diurne;0;0;0;4;12.6069;41.89378;-1;1;Autoarticolato;In marcia / fermata / arresto;Conducente;M;Illeso;0;;Non accertato;Inesploso
2516627;7;29/09/2015 15:20;Strada Urbana;VIA PRENESTINA;all'intersezione con;VIA EMILIO LONGONI;VIA EMILIO LONGONI;;;Scontro laterale fra veicoli in marcia;Rotatoria;Una carreggiata a senso unico di marcia;Asciutto;Asfaltata;Orizzontale;Sereno;Normale;Buona;Ore Diurne;0;0;0;4;12.6069;41.89378;-1;2;Autovettura privata;In marcia / fermata / arresto;Conducente;M;Illeso;0;;Non accertato;Inesploso
2516627;7;29/09/2015 15:20;Strada Urbana;VIA PRENESTINA;all'intersezione con;VIA EMILIO LONGONI;VIA EMILIO LONGONI;;;Scontro laterale fra veicoli in marcia;Rotatoria;Una carreggiata a senso unico di marcia;Asciutto;Asfaltata;Orizzontale;Sereno;Normale;Buona;Ore Diurne;0;0;0;4;12.6069;41.89378;-1;2;Autovettura privata;In marcia / fermata / arresto;Passeggero;F;Illeso;0;;Non accertato;Inesploso
2516630;20;29/09/2015 18:45;Strada Urbana;CORSO DI FRANCIA;da specificare;;;;prossimità Via di Vigna Stelluti;Tamponamento;Rettilineo;Due carreggiate;Asciutto;Asfaltata;Verticale ed orizzontale;Sereno;Intenso;Buona;Ore Diurne;1;0;0;1;12.47154;41.93683;-1;1;Motociclo a solo;In marcia / fermata / arresto;Conducente;M;Rimandato;0;NON DECEDUTO;Non accertato;
2516630;20;29/09/2015 18:45;Strada Urbana;CORSO DI FRANCIA;da specificare;;;;prossimità Via di Vigna Stelluti;Tamponamento;Rettilineo;Due carreggiate;Asciutto;Asfaltata;Verticale ed orizzontale;Sereno;Intenso;Buona;Ore Diurne;1;0;0;1;12.47154;41.93683;-1;2;Motociclo a solo;In marcia / fermata / arresto;Conducente;M;Illeso;0;;Non accertato;
2516654;11;30/09/2015 08:30;Strada Urbana;VIA DELL'ALMONE;in prossimità;;del civico n.;111;;Infortunio per caduta del veicolo;Rettilineo;Una carreggiata a doppio senso;Asciutto;Asfaltata;Orizzontale;Nuvoloso;Intenso;Buona;Ore Diurne;1;0;0;1;12.53029;41.85488;-1;1;Autovettura privata;In marcia / fermata / arresto;Conducente;M;Illeso;0;;;
2516654;11;30/09/2015 08:30;Strada Urbana;VIA DELL'ALMONE;in prossimità;;del civico n.;111;;Infortunio per caduta del veicolo;Rettilineo;Una carreggiata a doppio senso;Asciutto;Asfaltata;Orizzontale;Nuvoloso;Intenso;Buona;Ore Diurne;1;0;0;1;12.53029;41.85488;-1;2;Motociclo a solo;In marcia / fermata / arresto;Conducente;M;Rimandato;0;NON DECEDUTO;Non accertato;
2516661;20;30/09/2015 08:50;Strada Urbana;VIA OSNAGO;all'intersezione con;VIA RUBRA;VIA RUBRA;;;Scontro laterale fra veicoli in marcia;Incrocio;Una carreggiata a doppio senso;Asciutto;Asfaltata;Assente;Nuvoloso;Scarso;Buona;Ore Diurne;1;0;0;1;12.49128;41.99382;-1;1;Autovettura privata;In marcia / fermata / arresto;Conducente;F;Illeso;0;;Non accertato;Inesploso
2516661;20;30/09/2015 08:50;Strada Urbana;VIA OSNAGO;all'intersezione con;VIA RUBRA;VIA RUBRA;;;Scontro laterale fra veicoli in marcia;Incrocio;Una carreggiata a doppio senso;Asciutto;Asfaltata;Assente;Nuvoloso;Scarso;Buona;Ore Diurne;1;0;0;1;12.49128;41.99382;-1;2;Motociclo a solo;In marcia / fermata / arresto;Conducente;M;Rimandato;0;NON DECEDUTO;Non accertato;
2516671;20;30/09/2015 00:30;Statale entro l'abitato;VIA FLAMINIA;da specificare;;;;altezza G.R.A.;Veicolo in marcia contro ostacolo fisso;Rettilineo;Due carreggiate;Asciutto;Asfaltata;Verticale ed orizzontale;Sereno;Scarso;Sufficiente;Insufficiente;0;0;0;1;12.49245;41.98519;-1;1;Autovettura privata;In marcia / fermata / arresto;Conducente;F;Illeso;0;;Non accertato;Inesploso
2516698;17;29/09/2015 06:50;Strada Urbana;PIAZZALE CLODIO;all'intersezione semaforizzata con;VIA DARDANELLI;VIA DARDANELLI;;;Scontro laterale fra veicoli in marcia;Intersezione semaforizzata;Due carreggiate;Asciutto;Asfaltata;Verticale ed orizzontale;Sereno;Scarso;Buona;Ore Diurne;1;0;0;1;12.45635;41.91788;-1;1;Autovettura privata;In marcia / fermata / arresto;Conducente;M;Illeso;0;;Non accertato;Inesploso
2516698;17;29/09/2015 06:50;Strada Urbana;PIAZZALE CLODIO;all'intersezione semaforizzata con;VIA DARDANELLI;VIA DARDANELLI;;;Scontro laterale fra veicoli in marcia;Intersezione semaforizzata;Due carreggiate;Asciutto;Asfaltata;Verticale ed orizzontale;Sereno;Scarso;Buona;Ore Diurne;1;0;0;1;12.45635;41.91788;-1;2;Autovettura privata;In marcia / fermata / arresto;Conducente;M;Rifiuta cure immediate;0;NON DECEDUTO;Non accertato;Inesploso
2516760;2;30/09/2015 08:30;Strada Urbana;VIALE DELLE BELLE ARTI;da specificare;;;;prossimità Via Omero;Investimento di pedone;Rettilineo;Una carreggiata a doppio senso;Asciutto;Asfaltata;Verticale ed orizzontale;Nuvoloso;Intenso;Buona;Ore Diurne;0;0;0;2;12.48117;41.91732;-1;;;;Pedone;M;Illeso;0;;;
2516760;2;30/09/2015 08:30;Strada Urbana;VIALE DELLE BELLE ARTI;da specificare;;;;prossimità Via Omero;Investimento di pedone;Rettilineo;Una carreggiata a doppio senso;Asciutto;Asfaltata;Verticale ed orizzontale;Nuvoloso;Intenso;Buona;Ore Diurne;0;0;0;2;12.48117;41.91732;-1;1;Autovettura pubblica;In marcia / fermata / arresto;Conducente;M;Illeso;0;;Non accertato;Inesploso
2516767;4;29/09/2015 16:45;Strada Urbana;PIAZZA CONCA D'ORO;all'intersezione con;VIA CONCA D'ORO;VIA CONCA D'ORO;;;Scontro laterale fra veicoli in marcia;Incrocio;Più di due carreggiate;Asciutto;Asfaltata;Verticale ed orizzontale;Sereno;Normale;Buona;Ore Diurne;0;0;0;2;12.5276;41.93899;-1;1;Autovettura privata;In marcia / fermata / arresto;Conducente;M;Illeso;0;;Non accertato;Inesploso
2516767;4;29/09/2015 16:45;Strada Urbana;PIAZZA CONCA D'ORO;all'intersezione con;VIA CONCA D'ORO;VIA CONCA D'ORO;;;Scontro laterale fra veicoli in marcia;Incrocio;Più di due carreggiate;Asciutto;Asfaltata;Verticale ed orizzontale;Sereno;Normale;Buona;Ore Diurne;0;0;0;2;12.5276;41.93899;-1;2;Autovettura privata;In marcia / fermata / arresto;Conducente;M;Illeso;0;;Non accertato;Inesploso